secs,cad,hr,km,kph,nm,watts,alt,lon,lat,headwind,slope,temp,interval,lrbalance,lte,rte,lps,rps,smo2,thb,o2hb,hhb
0,76,77,0,0,0,0,212.6,5.68641800,45.19787500,0,0,-255,0,-255,0,0,0,0,0,0,0,0
1,76,77,0,0,0,0,212.6,5.68641800,45.19787500,0,0,-255,0,-255,0,0,0,0,0,0,0,0
2,76,77,0,0,0,0,212.6,5.68641800,45.19787500,0,0,-255,0,-255,0,0,0,0,0,0,0,0
3,76,77,0,0,0,0,212.6,5.68641800,45.19787500,0,0,-255,0,-255,0,0,0,0,0,0,0,0
4,76,77,0,0,0,0,212.6,5.68641800,45.19787500,0,0,-255,0,-255,0,0,0,0,0,0,0,0
5,76,77,0,0,0,0,212.6,5.68641800,45.19787500,0,0,-255,0,-255,0,0,0,0,0,0,0,0
6,76,77,0,0,0,0,212.6,5.68641800,45.19787500,0,0,-255,0,-255,0,0,0,0,0,0,0,0
7,76,77,0,0,0,235,212.6,5.68641800,45.19787500,0,0,-255,0,-255,0,0,0,0,0,0,0,0
8,76,77,0,0,0,230,212.6,5.68641800,45.19787500,0,0,-255,0,-255,0,0,0,0,0,0,0,0
9,76,77,0,0,0,220,212.6,5.68641800,45.19787500,0,0,-255,0,-255,0,0,0,0,0,0,0,0
10,75,76,0,0,0,211,212.4,5.68641800,45.19787500,0,0,-255,0,-255,0,0,0,0,0,0,0,0
11,75,75,0,0,0,209,212.4,5.68641800,45.19787500,0,0,-255,0,-255,0,0,0,0,0,0,0,0
12,75,76,0,0,0,209,212.4,5.68641800,45.19787500,0,0,-255,0,-255,0,0,0,0,0,0,0,0
13,75,77,0,0,0,216,212.4,5.68641800,45.19787500,0,0,-255,0,-255,0,0,0,0,0,0,0,0
14,76,77,0,0,0,226,212.4,5.68641800,45.19787500,0,0,-255,0,-255,0,0,0,0,0,0,0,0
15,78,77,0,0,0,232,212.4,5.68641800,45.19787500,0,0,-255,0,-255,0,0,0,0,0,0,0,0
16,77,77,0,0,0,236,212.4,5.68641800,45.19787500,0,0,-255,0,-255,0,0,0,0,0,0,0,0
17,79,78,0,0,0,237,212.4,5.68641800,45.19787500,0,0,-255,0,-255,0,0,0,0,0,0,0,0
18,79,81,0,0,0,245,212.2,5.68641800,45.19787500,0,0,-255,0,-255,0,0,0,0,0,0,0,0
19,81,83,0,0,0,239,212.2,5.68641800,45.19787500,0,0,-255,0,-255,0,0,0,0,0,0,0,0
20,82,84,0,0,0,237,212.2,5.68641800,45.19787500,0,0,-255,0,-255,0,0,0,0,0,0,0,0
21,82,86,0,0,0,228,212.2,5.68641800,45.19787500,0,0,-255,0,-255,0,0,0,0,0,0,0,0
22,81,89,0,0,0,218,212.2,5.68641800,45.19787500,0,0,-255,0,-255,0,0,0,0,0,0,0,0
23,81,92,0,0,0,211,212.2,5.68641800,45.19787500,0,0,-255,0,-255,0,0,0,0,0,0,0,0
24,80,95,0,0,0,210,212.2,5.68641800,45.19787500,0,0,-255,0,-255,0,0,0,0,0,0,0,0
25,80,98,0,0,0,210,212.2,5.68641800,45.19787500,0,0,-255,0,-255,0,0,0,0,0,0,0,0
26,80,100,0,0,0,212,212.2,5.68641800,45.19787500,0,0,-255,0,-255,0,0,0,0,0,0,0,0
27,79,103,0,0,0,220,212.2,5.68641800,45.19787500,0,0,-255,0,-255,0,0,0,0,0,0,0,0
28,80,107,0,0,0,221,212.2,5.68641800,45.19787500,0,0,-255,0,-255,0,0,0,0,0,0,0,0
29,80,110,0,0,0,221,212.2,5.68641800,45.19787500,0,0,-255,0,-255,0,0,0,0,0,0,0,0
30,80,114,0,0,0,232,212.2,5.68641800,45.19787500,0,0,-255,0,-255,0,0,0,0,0,0,0,0
31,81,118,0,0,0,230,212.2,5.68641800,45.19787500,0,0,-255,0,-255,0,0,0,0,0,0,0,0
32,81,121,0,0,0,234,212.2,5.68641800,45.19787500,0,0,-255,0,-255,0,0,0,0,0,0,0,0
33,82,125,0,0,0,236,212.2,5.68641800,45.19787500,0,0,-255,0,-255,0,0,0,0,0,0,0,0
34,82,128,0,0,0,232,212.2,5.68641800,45.19787500,0,0,-255,0,-255,0,0,0,0,0,0,0,0
35,82,132,0,0,0,233,212.2,5.68641800,45.19787500,0,0,-255,0,-255,0,0,0,0,0,0,0,0
36,82,134,0,0,0,228,212.2,5.68641800,45.19787500,0,0,-255,0,-255,0,0,0,0,0,0,0,0
37,82,135,0,0,0,227,212.2,5.68641800,45.19787500,0,0,-255,0,-255,0,0,0,0,0,0,0,0
38,82,136,0,0,0,229,212.2,5.68641800,45.19787500,0,0,-255,0,-255,0,0,0,0,0,0,0,0
39,81,136,0,0,0,226,212.2,5.68641800,45.19787500,0,0,-255,0,-255,0,0,0,0,0,0,0,0
40,82,136,0,0,0,223,212.2,5.68641800,45.19787500,0,0,-255,0,-255,0,0,0,0,0,0,0,0
41,82,136,0,0,0,220,212.2,5.68641800,45.19787500,0,0,-255,0,-255,0,0,0,0,0,0,0,0
42,82,136,0,0,0,213,212.2,5.68641800,45.19787500,0,0,-255,0,-255,0,0,0,0,0,0,0,0
43,81,137,0,0,0,212,212.2,5.68641800,45.19787500,0,0,-255,0,-255,0,0,0,0,0,0,0,0
44,81,137,0,0,0,216,212.2,5.68641800,45.19787500,0,0,-255,0,-255,0,0,0,0,0,0,0,0
45,79,137,0,0,0,222,212.4,5.68641800,45.19787500,0,0,-255,0,-255,0,0,0,0,0,0,0,0
46,81,137,0,0,0,224,212.4,5.68641800,45.19787500,0,0,-255,0,-255,0,0,0,0,0,0,0,0
47,79,137,0,0,0,227,212.4,5.68641800,45.19787500,0,0,-255,0,-255,0,0,0,0,0,0,0,0
48,80,137,0,0,0,225,212.4,5.68641800,45.19787500,0,0,-255,0,-255,0,0,0,0,0,0,0,0
49,80,139,0,0,0,223,212.4,5.68641800,45.19787500,0,0,-255,0,-255,0,0,0,0,0,0,0,0
50,79,139,0,0,0,232,212.4,5.68641800,45.19787500,0,0,-255,0,-255,0,0,0,0,0,0,0,0
51,81,140,0,0,0,237,212.4,5.68641800,45.19787500,0,0,-255,0,-255,0,0,0,0,0,0,0,0
52,81,140,0,0,0,235,212.4,5.68641800,45.19787500,0,0,-255,0,-255,0,0,0,0,0,0,0,0
53,79,140,0,0,0,237,212.4,5.68641800,45.19787500,0,0,-255,0,-255,0,0,0,0,0,0,0,0
54,80,140,0,0,0,227,212.4,5.68641800,45.19787500,0,0,-255,0,-255,0,0,0,0,0,0,0,0
55,78,140,0.003,2.16,0,219,212.4,5.68642500,45.19788100,0,0,-255,0,-255,0,0,0,0,0,0,0,0
56,78,140,0.006,4.32,0,228,212.4,5.68643500,45.19788800,0,0,-255,0,-255,0,0,0,0,0,0,0,0
57,79,140,0.007,5.04,0,234,212.4,5.68644500,45.19789700,0,0,-255,0,-255,0,0,0,0,0,0,0,0
58,80,140,0.008,5.76,0,240,212.4,5.68645300,45.19790700,0,0,-255,0,-255,0,0,0,0,0,0,0,0
59,79,140,0.0085,6.12,0,248,212.4,5.68645900,45.19791600,0,0,-255,0,-255,0,0,0,0,0,0,0,0
60,80,139,0.009,4.32,0,237,212.4,5.68646400,45.19792400,0,0,-255,0,-255,0,0,0,0,0,0,0,0
61,80,140,0.009,2.16,0,234,212.4,5.68646800,45.19793000,0,0,-255,0,-255,0,0,0,0,0,0,0,0
62,79,139,0.009,1.44,0,239,212.4,5.68646800,45.19793000,0,0,-255,0,-255,0,0,0,0,0,0,0,0
63,78,140,0.009,0.72,0,234,212.4,5.68646800,45.19793000,0,0,-255,0,-255,0,0,0,0,0,0,0,0
64,79,140,0.009,0.36,0,239,212.4,5.68646800,45.19793000,0,0,-255,0,-255,0,0,0,0,0,0,0,0
65,80,140,0.009,0,0,241,212.4,5.68646800,45.19793000,0,0,-255,0,-255,0,0,0,0,0,0,0,0
66,79,140,0.009,0,0,235,212.4,5.68646800,45.19793000,0,0,-255,0,-255,0,0,0,0,0,0,0,0
67,80,140,0.009,0,0,241,212.4,5.68646800,45.19793000,0,0,-255,0,-255,0,0,0,0,0,0,0,0
68,80,140,0.009,0,0,244,212.4,5.68646800,45.19793000,0,0,-255,0,-255,0,0,0,0,0,0,0,0
69,79,140,0.009,0,0,239,212.4,5.68646800,45.19793000,0,0,-255,0,-255,0,0,0,0,0,0,0,0
70,80,139,0.009,0,0,240,212.4,5.68646800,45.19793000,0,0,-255,0,-255,0,0,0,0,0,0,0,0
71,80,139,0.009,0,0,238,212.4,5.68646800,45.19793000,0,0,-255,0,-255,0,0,0,0,0,0,0,0
72,79,139,0.009,0,0,243,212.4,5.68646800,45.19793000,0,0,-255,0,-255,0,0,0,0,0,0,0,0
73,81,138,0.009,0,0,257,212.2,5.68646800,45.19793000,0,0,-255,0,-255,0,0,0,0,0,0,0,0
74,81,138,0.009,0,0,272,212.2,5.68646800,45.19793000,0,0,-255,0,-255,0,0,0,0,0,0,0,0
75,82,137,0.009,0,0,269,212.2,5.68646800,45.19793000,0,0,-255,0,-255,0,0,0,0,0,0,0,0
76,82,137,0.009,0,0,262,212.2,5.68646800,45.19793000,0,0,-255,0,-255,0,0,0,0,0,0,0,0
77,82,137,0.009,0,0,253,212.2,5.68646800,45.19793000,0,0,-255,0,-255,0,0,0,0,0,0,0,0
78,82,137,0.009,0,0,243,212.2,5.68646800,45.19793000,0,0,-255,0,-255,0,0,0,0,0,0,0,0
79,81,138,0.009,0,0,239,212.2,5.68646800,45.19793000,0,0,-255,0,-255,0,0,0,0,0,0,0,0
80,81,138,0.009,0,0,234,212.2,5.68646800,45.19793000,0,0,-255,0,-255,0,0,0,0,0,0,0,0
81,80,138,0.009,0,0,241,212.2,5.68646800,45.19793000,0,0,-255,0,-255,0,0,0,0,0,0,0,0
82,81,138,0.009,0,0,245,212.2,5.68646800,45.19793000,0,0,-255,0,-255,0,0,0,0,0,0,0,0
83,82,138,0.009,0,0,251,212.2,5.68646800,45.19793000,0,0,-255,0,-255,0,0,0,0,0,0,0,0
84,82,138,0.009,0,0,253,212.2,5.68646800,45.19793000,0,0,-255,0,-255,0,0,0,0,0,0,0,0
85,82,138,0.009,0,0,254,212.2,5.68646800,45.19793000,0,0,-255,0,-255,0,0,0,0,0,0,0,0
86,82,138,0.009,0,0,249,212.2,5.68646800,45.19793000,0,0,-255,0,-255,0,0,0,0,0,0,0,0
87,83,138,0.009,0,0,249,212.2,5.68646800,45.19793000,0,0,-255,0,-255,0,0,0,0,0,0,0,0
88,82,138,0.009,0,0,243,212.2,5.68647100,45.19795000,0,0,-255,0,-255,0,0,0,0,0,0,0,0
89,82,138,0.0115,1.8,0,242,212.2,5.68647300,45.19796300,0,0,-255,0,-255,0,0,0,0,0,0,0,0
90,80,138,0.014,3.6,0,240,212.2,5.68647700,45.19797100,0,0,-255,0,-255,0,0,0,0,0,0,0,0
91,81,138,0.014,3.6,0,241,212,5.68648100,45.19797500,0,0,-255,0,-255,0,0,0,0,0,0,0,0
92,80,138,0.014,3.6,0,252,212,5.68648100,45.19797500,0,0,-255,0,-255,0,0,0,0,0,0,0,0
93,81,138,0.014,3.6,0,249,212,5.68648100,45.19797500,0,0,-255,0,-255,0,0,0,0,0,0,0,0
94,81,138,0.014,1.8,0,247,212,5.68648100,45.19797500,0,0,-255,0,-255,0,0,0,0,0,0,0,0
95,80,138,0.014,0,0,244,212,5.68648100,45.19797500,0,0,-255,0,-255,0,0,0,0,0,0,0,0
96,81,138,0.014,0,0,249,212,5.68648100,45.19797500,0,0,-255,0,-255,0,0,0,0,0,0,0,0
97,82,137,0.014,0,0,258,212,5.68648100,45.19797500,0,0,-255,0,-255,0,0,0,0,0,0,0,0
98,82,137,0.014,0,0,261,212,5.68648100,45.19797500,0,0,-255,0,-255,0,0,0,0,0,0,0,0
99,82,137,0.014,0,0,259,212,5.68648100,45.19797500,0,0,-255,0,-255,0,0,0,0,0,0,0,0
100,82,136,0.014,0,0,255,212,5.68648100,45.19797500,0,0,-255,0,-255,0,0,0,0,0,0,0,0
101,83,136,0.014,0,0,254,212,5.68648100,45.19797500,0,0,-255,0,-255,0,0,0,0,0,0,0,0
102,83,136,0.014,0,0,252,212,5.68648100,45.19797500,0,0,-255,0,-255,0,0,0,0,0,0,0,0
103,83,136,0.014,0,0,254,212,5.68648100,45.19797500,0,0,-255,0,-255,0,0,0,0,0,0,0,0
104,83,135,0.014,0,0,248,212,5.68648100,45.19797500,0,0,-255,0,-255,0,0,0,0,0,0,0,0
105,82,135,0.014,0,0,248,212,5.68648100,45.19797500,0,0,-255,0,-255,0,0,0,0,0,0,0,0
106,83,135,0.014,0,0,255,212,5.68648100,45.19797500,0,0,-255,0,-255,0,0,0,0,0,0,0,0
107,83,135,0.014,0,0,247,212,5.68648100,45.19797500,0,0,-255,0,-255,0,0,0,0,0,0,0,0
108,82,135,0.014,0,0,240,212,5.68648100,45.19797500,0,0,-255,0,-255,0,0,0,0,0,0,0,0
109,82,135,0.014,0,0,232,212,5.68648100,45.19797500,0,0,-255,0,-255,0,0,0,0,0,0,0,0
110,81,135,0.014,0,0,230,212,5.68648100,45.19797500,0,0,-255,0,-255,0,0,0,0,0,0,0,0
111,82,136,0.014,0,0,238,212,5.68648100,45.19797500,0,0,-255,0,-255,0,0,0,0,0,0,0,0
112,82,136,0.014,0,0,245,212,5.68648100,45.19797500,0,0,-255,0,-255,0,0,0,0,0,0,0,0
113,82,136,0.014,0,0,251,212,5.68648100,45.19797500,0,0,-255,0,-255,0,0,0,0,0,0,0,0
114,82,136,0.014,0,0,254,212,5.68648100,45.19797500,0,0,-255,0,-255,0,0,0,0,0,0,0,0
115,81,136,0.014,0,0,248,212,5.68648100,45.19797500,0,0,-255,0,-255,0,0,0,0,0,0,0,0
116,81,136,0.014,0,0,249,212,5.68648100,45.19797500,0,0,-255,0,-255,0,0,0,0,0,0,0,0
117,81,136,0.014,0,0,245,212,5.68648100,45.19797500,0,0,-255,0,-255,0,0,0,0,0,0,0,0
118,81,136,0.014,0,0,246,212,5.68648100,45.19797500,0,0,-255,0,-255,0,0,0,0,0,0,0,0
119,80,136,0.014,0,0,250,212,5.68648100,45.19797500,0,0,-255,0,-255,0,0,0,0,0,0,0,0
120,81,136,0.014,0,0,250,212,5.68648100,45.19797500,0,0,-255,0,-255,0,0,0,0,0,0,0,0
121,80,137,0.014,0,0,253,212,5.68648100,45.19797500,0,0,-255,0,-255,0,0,0,0,0,0,0,0
122,81,137,0.014,0,0,266,212,5.68648100,45.19797500,0,0,-255,0,-255,0,0,0,0,0,0,0,0
123,82,137,0.014,0,0,279,212,5.68648100,45.19797500,0,0,-255,0,-255,0,0,0,0,0,0,0,0
124,83,137,0.014,0,0,286,212,5.68648100,45.19797500,0,0,-255,0,-255,0,0,0,0,0,0,0,0
125,83,137,0.014,0,0,285,212,5.68648100,45.19797500,0,0,-255,0,-255,0,0,0,0,0,0,0,0
126,83,137,0.014,0,0,273,212,5.68648100,45.19797500,0,0,-255,0,-255,0,0,0,0,0,0,0,0
127,83,137,0.014,0,0,267,212,5.68648100,45.19797500,0,0,-255,0,-255,0,0,0,0,0,0,0,0
128,84,137,0.014,0,0,272,212.2,5.68648100,45.19797500,0,0,-255,0,-255,0,0,0,0,0,0,0,0
129,84,138,0.014,0,0,271,212.2,5.68648100,45.19797500,0,0,-255,0,-255,0,0,0,0,0,0,0,0
130,84,138,0.014,0,0,268,212.2,5.68648100,45.19797500,0,0,-255,0,-255,0,0,0,0,0,0,0,0
131,84,138,0.014,0,0,261,212.2,5.68648100,45.19797500,0,0,-255,0,-255,0,0,0,0,0,0,0,0
132,85,141,0.014,0,0,266,212.2,5.68648100,45.19797500,0,0,-255,0,-255,0,0,0,0,0,0,0,0
133,85,144,0.014,0,0,275,212.2,5.68648100,45.19797500,0,0,-255,0,-255,0,0,0,0,0,0,0,0
134,85,145,0.014,0,0,280,212.2,5.68648100,45.19797500,0,0,-255,0,-255,0,0,0,0,0,0,0,0
135,85,145,0.014,0,0,279,212.2,5.68648100,45.19797500,0,0,-255,0,-255,0,0,0,0,0,0,0,0
136,85,146,0.014,0,0,268,212.2,5.68648100,45.19797500,0,0,-255,0,-255,0,0,0,0,0,0,0,0
137,85,146,0.014,0,0,271,212.2,5.68648100,45.19797500,0,0,-255,0,-255,0,0,0,0,0,0,0,0
138,85,146,0.014,0,0,274,212.2,5.68648100,45.19797500,0,0,-255,0,-255,0,0,0,0,0,0,0,0
139,86,146,0.014,0,0,279,212.2,5.68648100,45.19797500,0,0,-255,0,-255,0,0,0,0,0,0,0,0
140,86,146,0.014,0,0,278,212.2,5.68648100,45.19797500,0,0,-255,0,-255,0,0,0,0,0,0,0,0
141,86,146,0.014,0,0,263,212.2,5.68648100,45.19797500,0,0,-255,0,-255,0,0,0,0,0,0,0,0
142,87,146,0.014,0,0,251,212.2,5.68648100,45.19797500,0,0,-255,0,-255,0,0,0,0,0,0,0,0
143,86,146,0.014,0,0,241,212.2,5.68648100,45.19797500,0,0,-255,0,-255,0,0,0,0,0,0,0,0
144,87,147,0.014,0,0,242,212.2,5.68648100,45.19797500,0,0,-255,0,-255,0,0,0,0,0,0,0,0
145,88,147,0.014,0,0,252,212.2,5.68648100,45.19797500,0,0,-255,0,-255,0,0,0,0,0,0,0,0
146,88,148,0.014,0,0,261,212.2,5.68648100,45.19797500,0,0,-255,0,-255,0,0,0,0,0,0,0,0
147,88,150,0.016,1.44,0,270,212.2,5.68648000,45.19798700,0,0,-255,0,-255,0,0,0,0,0,0,0,0
148,87,151,0.018,2.88,0,267,212.2,5.68648000,45.19799600,0,0,-255,0,-255,0,0,0,0,0,0,0,0
149,86,151,0.018,2.88,0,266,212.2,5.68648100,45.19800400,0,0,-255,0,-255,0,0,0,0,0,0,0,0
150,86,151,0.018,2.88,0,262,212.2,5.68648300,45.19801100,0,0,-255,0,-255,0,0,0,0,0,0,0,0
151,85,151,0.018,2.88,0,262,212.2,5.68648300,45.19801100,0,0,-255,0,-255,0,0,0,0,0,0,0,0
152,85,152,0.018,1.44,0,265,212.2,5.68648300,45.19801100,0,0,-255,0,-255,0,0,0,0,0,0,0,0
153,85,152,0.018,0,0,267,212.2,5.68648300,45.19801100,0,0,-255,0,-255,0,0,0,0,0,0,0,0
154,86,153,0.018,0,0,273,212.2,5.68648300,45.19801100,0,0,-255,0,-255,0,0,0,0,0,0,0,0
155,86,153,0.018,0,0,277,212.2,5.68648300,45.19801100,0,0,-255,0,-255,0,0,0,0,0,0,0,0
156,86,154,0.018,0,0,279,212.2,5.68648300,45.19801100,0,0,-255,0,-255,0,0,0,0,0,0,0,0
157,87,154,0.018,0,0,278,212.2,5.68648300,45.19801100,0,0,-255,0,-255,0,0,0,0,0,0,0,0
158,86,154,0.018,0,0,279,212.2,5.68648300,45.19801100,0,0,-255,0,-255,0,0,0,0,0,0,0,0
159,88,154,0.018,0,0,276,212.2,5.68648300,45.19801100,0,0,-255,0,-255,0,0,0,0,0,0,0,0
160,86,153,0.018,0,0,272,212.2,5.68648300,45.19801100,0,0,-255,0,-255,0,0,0,0,0,0,0,0
161,86,153,0.018,0,0,267,212.2,5.68648300,45.19801100,0,0,-255,0,-255,0,0,0,0,0,0,0,0
162,88,152,0.018,0,0,264,212.2,5.68648300,45.19801100,0,0,-255,0,-255,0,0,0,0,0,0,0,0
163,86,152,0.018,0,0,262,212.2,5.68648300,45.19801100,0,0,-255,0,-255,0,0,0,0,0,0,0,0
164,86,151,0.018,0,0,267,212.2,5.68648300,45.19801100,0,0,-255,0,-255,0,0,0,0,0,0,0,0
165,88,150,0.018,0,0,272,212.2,5.68648300,45.19801100,0,0,-255,0,-255,0,0,0,0,0,0,0,0
166,88,150,0.018,0,0,277,212.2,5.68648300,45.19801100,0,0,-255,0,-255,0,0,0,0,0,0,0,0
167,88,150,0.018,0,0,281,212.2,5.68648300,45.19801100,0,0,-255,0,-255,0,0,0,0,0,0,0,0
168,88,150,0.018,0,0,276,212.4,5.68648300,45.19801100,0,0,-255,0,-255,0,0,0,0,0,0,0,0
169,88,150,0.018,0,0,270,212.4,5.68648300,45.19801100,0,0,-255,0,-255,0,0,0,0,0,0,0,0
170,88,150,0.018,0,0,262,212.4,5.68648300,45.19801100,0,0,-255,0,-255,0,0,0,0,0,0,0,0
171,88,150,0.018,0,0,259,212.4,5.68648300,45.19801100,0,0,-255,0,-255,0,0,0,0,0,0,0,0
172,88,149,0.018,0,0,259,212.4,5.68648300,45.19801100,0,0,-255,0,-255,0,0,0,0,0,0,0,0
173,88,150,0.018,0,0,262,212.4,5.68648300,45.19801100,0,0,-255,0,-255,0,0,0,0,0,0,0,0
174,88,150,0.018,0,0,265,212.4,5.68648300,45.19801100,0,0,-255,0,-255,0,0,0,0,0,0,0,0
175,88,150,0.018,0,0,271,212.4,5.68648300,45.19801100,0,0,-255,0,-255,0,0,0,0,0,0,0,0
176,89,150,0.018,0,0,280,212.4,5.68648300,45.19801100,0,0,-255,0,-255,0,0,0,0,0,0,0,0
177,89,150,0.018,0,0,284,212.4,5.68648300,45.19801100,0,0,-255,0,-255,0,0,0,0,0,0,0,0
178,89,151,0.018,0,0,288,212.4,5.68648300,45.19801100,0,0,-255,0,-255,0,0,0,0,0,0,0,0
179,89,152,0.018,0,0,287,212.4,5.68648300,45.19801100,0,0,-255,0,-255,0,0,0,0,0,0,0,0
180,89,152,0.018,0,0,280,212.4,5.68648300,45.19801100,0,0,-255,0,-255,0,0,0,0,0,0,0,0
181,89,153,0.018,0,0,274,212.4,5.68648300,45.19801100,0,0,-255,0,-255,0,0,0,0,0,0,0,0
182,88,153,0.018,0,0,271,212.4,5.68648300,45.19801100,0,0,-255,0,-255,0,0,0,0,0,0,0,0
183,88,153,0.018,0,0,273,212.4,5.68648300,45.19801100,0,0,-255,0,-255,0,0,0,0,0,0,0,0
184,88,154,0.018,0,0,283,212.4,5.68648300,45.19801100,0,0,-255,0,-255,0,0,0,0,0,0,0,0
185,88,154,0.018,0,0,292,212.4,5.68648300,45.19801100,0,0,-255,0,-255,0,0,0,0,0,0,0,0
186,88,154,0.018,0,0,299,212.4,5.68648300,45.19801100,0,0,-255,0,-255,0,0,0,0,0,0,0,0
187,89,154,0.018,0,0,296,212.4,5.68648300,45.19801100,0,0,-255,0,-255,0,0,0,0,0,0,0,0
188,89,154,0.018,0,0,293,212.4,5.68648300,45.19801100,0,0,-255,0,-255,0,0,0,0,0,0,0,0
189,89,155,0.018,0,0,282,212.4,5.68648300,45.19801100,0,0,-255,0,-255,0,0,0,0,0,0,0,0
190,89,155,0.018,0,0,278,212.4,5.68648300,45.19801100,0,0,-255,0,-255,0,0,0,0,0,0,0,0
191,89,155,0.018,0,0,281,212.4,5.68648300,45.19801100,0,0,-255,0,-255,0,0,0,0,0,0,0,0
192,91,155,0.018,0,0,303,212.4,5.68648300,45.19801100,0,0,-255,0,-255,0,0,0,0,0,0,0,0
193,93,155,0.018,0,0,309,212.4,5.68648300,45.19801100,0,0,-255,0,-255,0,0,0,0,0,0,0,0
194,93,155,0.018,0,0,302,212.4,5.68648300,45.19801100,0,0,-255,0,-255,0,0,0,0,0,0,0,0
195,93,155,0.018,0,0,291,212.4,5.68648300,45.19801100,0,0,-255,0,-255,0,0,0,0,0,0,0,0
196,93,155,0.018,0,0,286,212.4,5.68648300,45.19801100,0,0,-255,0,-255,0,0,0,0,0,0,0,0
197,93,154,0.018,0,0,286,212.4,5.68648300,45.19801100,0,0,-255,0,-255,0,0,0,0,0,0,0,0
198,93,154,0.018,0,0,288,212.4,5.68648300,45.19801100,0,0,-255,0,-255,0,0,0,0,0,0,0,0
199,93,154,0.018,0,0,286,212.4,5.68648300,45.19801100,0,0,-255,0,-255,0,0,0,0,0,0,0,0
200,92,154,0.018,0,0,279,212.2,5.68648300,45.19801100,0,0,-255,0,-255,0,0,0,0,0,0,0,0
201,92,153,0.018,0,0,283,212.2,5.68648300,45.19801100,0,0,-255,0,-255,0,0,0,0,0,0,0,0
202,92,154,0.018,0,0,287,212.2,5.68648300,45.19801100,0,0,-255,0,-255,0,0,0,0,0,0,0,0
203,92,153,0.018,0,0,289,212.2,5.68648300,45.19801100,0,0,-255,0,-255,0,0,0,0,0,0,0,0
204,92,154,0.018,0,0,283,212.2,5.68648300,45.19801100,0,0,-255,0,-255,0,0,0,0,0,0,0,0
205,92,154,0.018,0,0,273,212.2,5.68648300,45.19801100,0,0,-255,0,-255,0,0,0,0,0,0,0,0
206,92,153,0.018,0,0,269,212.4,5.68648300,45.19801100,0,0,-255,0,-255,0,0,0,0,0,0,0,0
207,92,154,0.018,0,0,269,212.4,5.68648300,45.19801100,0,0,-255,0,-255,0,0,0,0,0,0,0,0
208,92,154,0.018,0,0,272,212.4,5.68648300,45.19801100,0,0,-255,0,-255,0,0,0,0,0,0,0,0
209,92,154,0.018,0,0,276,212.4,5.68648300,45.19801100,0,0,-255,0,-255,0,0,0,0,0,0,0,0
210,91,154,0.018,0,0,279,212.4,5.68648300,45.19801100,0,0,-255,0,-255,0,0,0,0,0,0,0,0
211,89,155,0.018,0,0,283,212.4,5.68648300,45.19801100,0,0,-255,0,-255,0,0,0,0,0,0,0,0
212,92,155,0.018,0,0,292,212.4,5.68648300,45.19801100,0,0,-255,0,-255,0,0,0,0,0,0,0,0
213,92,155,0.018,0,0,296,212.4,5.68648300,45.19801100,0,0,-255,0,-255,0,0,0,0,0,0,0,0
214,92,155,0.018,0,0,297,212.4,5.68648300,45.19801100,0,0,-255,0,-255,0,0,0,0,0,0,0,0
215,92,156,0.018,0,0,290,212.4,5.68648300,45.19801100,0,0,-255,0,-255,0,0,0,0,0,0,0,0
216,91,156,0.018,0,0,278,212.4,5.68648300,45.19801100,0,0,-255,0,-255,0,0,0,0,0,0,0,0
217,90,156,0.018,0,0,274,212.4,5.68648300,45.19801100,0,0,-255,0,-255,0,0,0,0,0,0,0,0
218,90,157,0.018,0,0,280,212.4,5.68648300,45.19801100,0,0,-255,0,-255,0,0,0,0,0,0,0,0
219,90,156,0.018,0,0,283,212.4,5.68648300,45.19801100,0,0,-255,0,-255,0,0,0,0,0,0,0,0
220,91,156,0.018,0,0,290,212.4,5.68648300,45.19801100,0,0,-255,0,-255,0,0,0,0,0,0,0,0
221,91,155,0.018,0,0,281,212.4,5.68648300,45.19801100,0,0,-255,0,-255,0,0,0,0,0,0,0,0
222,90,154,0.018,0,0,279,212.4,5.68648300,45.19801100,0,0,-255,0,-255,0,0,0,0,0,0,0,0
223,90,153,0.018,0,0,275,212.4,5.68648300,45.19801100,0,0,-255,0,-255,0,0,0,0,0,0,0,0
224,92,153,0.018,0,0,278,212.4,5.68648300,45.19801100,0,0,-255,0,-255,0,0,0,0,0,0,0,0
225,92,152,0.018,0,0,278,212.4,5.68648300,45.19801100,0,0,-255,0,-255,0,0,0,0,0,0,0,0
226,92,153,0.018,0,0,283,212.4,5.68648300,45.19801100,0,0,-255,0,-255,0,0,0,0,0,0,0,0
227,93,153,0.018,0,0,286,212.4,5.68648300,45.19801100,0,0,-255,0,-255,0,0,0,0,0,0,0,0
228,93,153,0.018,0,0,287,212.4,5.68648300,45.19801100,0,0,-255,0,-255,0,0,0,0,0,0,0,0
229,93,154,0.018,0,0,285,212.4,5.68648300,45.19801100,0,0,-255,0,-255,0,0,0,0,0,0,0,0
230,92,155,0.018,0,0,280,212.4,5.68648300,45.19801100,0,0,-255,0,-255,0,0,0,0,0,0,0,0
231,92,155,0.018,0,0,280,212.4,5.68648300,45.19801100,0,0,-255,0,-255,0,0,0,0,0,0,0,0
232,92,156,0.018,0,0,280,212.4,5.68648300,45.19801100,0,0,-255,0,-255,0,0,0,0,0,0,0,0
233,91,156,0.018,0,0,293,212.4,5.68648300,45.19801100,0,0,-255,0,-255,0,0,0,0,0,0,0,0
234,91,156,0.018,0,0,302,212.4,5.68648300,45.19801100,0,0,-255,0,-255,0,0,0,0,0,0,0,0
235,90,156,0.018,0,0,307,212.4,5.68648300,45.19801100,0,0,-255,0,-255,0,0,0,0,0,0,0,0
236,91,156,0.018,0,0,305,212.4,5.68648300,45.19801100,0,0,-255,0,-255,0,0,0,0,0,0,0,0
237,90,157,0.018,0,0,298,212.4,5.68648300,45.19801100,0,0,-255,0,-255,0,0,0,0,0,0,0,0
238,90,157,0.018,0,0,295,212.4,5.68648300,45.19801100,0,0,-255,0,-255,0,0,0,0,0,0,0,0
239,90,157,0.018,0,0,300,212.4,5.68648300,45.19801100,0,0,-255,0,-255,0,0,0,0,0,0,0,0
240,90,157,0.018,0,0,302,212.4,5.68648300,45.19801100,0,0,-255,0,-255,0,0,0,0,0,0,0,0
241,90,156,0.018,0,0,303,212.4,5.68648300,45.19801100,0,0,-255,0,-255,0,0,0,0,0,0,0,0
242,90,156,0.018,0,0,305,212.4,5.68648300,45.19801100,0,0,-255,0,-255,0,0,0,0,0,0,0,0
243,90,156,0.018,0,0,306,212.4,5.68648300,45.19801100,0,0,-255,0,-255,0,0,0,0,0,0,0,0
244,91,155,0.018,0,0,306,212.4,5.68648300,45.19801100,0,0,-255,0,-255,0,0,0,0,0,0,0,0
245,90,157,0.018,0,0,303,212.4,5.68648300,45.19801100,0,0,-255,0,-255,0,0,0,0,0,0,0,0
246,91,158,0.018,0,0,299,212.4,5.68648300,45.19801100,0,0,-255,0,-255,0,0,0,0,0,0,0,0
247,90,160,0.018,0,0,297,212.4,5.68648300,45.19801100,0,0,-255,0,-255,0,0,0,0,0,0,0,0
248,90,160,0.018,0,0,296,212.4,5.68648300,45.19801100,0,0,-255,0,-255,0,0,0,0,0,0,0,0
249,90,160,0.018,0,0,296,212.4,5.68648300,45.19801100,0,0,-255,0,-255,0,0,0,0,0,0,0,0
250,90,160,0.018,0,0,297,212.4,5.68648300,45.19801100,0,0,-255,0,-255,0,0,0,0,0,0,0,0
251,90,160,0.018,0,0,299,212.4,5.68648300,45.19801100,0,0,-255,0,-255,0,0,0,0,0,0,0,0
252,90,161,0.018,0,0,306,212.4,5.68648300,45.19801100,0,0,-255,0,-255,0,0,0,0,0,0,0,0
253,90,161,0.018,0,0,309,212.4,5.68648300,45.19801100,0,0,-255,0,-255,0,0,0,0,0,0,0,0
254,91,161,0.018,0,0,311,212.4,5.68648300,45.19801100,0,0,-255,0,-255,0,0,0,0,0,0,0,0
255,92,161,0.018,0,0,312,212.4,5.68648300,45.19801100,0,0,-255,0,-255,0,0,0,0,0,0,0,0
256,92,161,0.018,0,0,316,212.4,5.68648300,45.19801100,0,0,-255,0,-255,0,0,0,0,0,0,0,0
257,92,162,0.018,0,0,315,212.4,5.68648300,45.19801100,0,0,-255,0,-255,0,0,0,0,0,0,0,0
258,92,161,0.018,0,0,313,212.4,5.68648300,45.19801100,0,0,-255,0,-255,0,0,0,0,0,0,0,0
259,91,161,0.018,0,0,296,212.4,5.68648300,45.19801100,0,0,-255,0,-255,0,0,0,0,0,0,0,0
260,91,161,0.018,0,0,286,212.4,5.68648300,45.19801100,0,0,-255,0,-255,0,0,0,0,0,0,0,0
261,90,160,0.018,0,0,281,212.4,5.68648300,45.19801100,0,0,-255,0,-255,0,0,0,0,0,0,0,0
262,90,160,0.018,0,0,287,212.4,5.68648300,45.19801100,0,0,-255,0,-255,0,0,0,0,0,0,0,0
263,90,160,0.018,0,0,296,212.4,5.68648300,45.19801100,0,0,-255,0,-255,0,0,0,0,0,0,0,0
264,92,159,0.018,0,0,302,212.4,5.68648300,45.19801100,0,0,-255,0,-255,0,0,0,0,0,0,0,0
265,91,159,0.018,0,0,300,212.4,5.68648300,45.19801100,0,0,-255,0,-255,0,0,0,0,0,0,0,0
266,92,158,0.018,0,0,305,212.4,5.68648300,45.19801100,0,0,-255,0,-255,0,0,0,0,0,0,0,0
267,92,158,0.018,0,0,305,212.4,5.68648300,45.19801100,0,0,-255,0,-255,0,0,0,0,0,0,0,0
268,92,158,0.018,0,0,311,212.4,5.68648300,45.19801100,0,0,-255,0,-255,0,0,0,0,0,0,0,0
269,92,158,0.018,0,0,313,212.4,5.68648300,45.19801100,0,0,-255,0,-255,0,0,0,0,0,0,0,0
270,93,158,0.018,0,0,315,212.4,5.68648300,45.19801100,0,0,-255,0,-255,0,0,0,0,0,0,0,0
271,93,158,0.018,0,0,315,212.4,5.68648300,45.19801100,0,0,-255,0,-255,0,0,0,0,0,0,0,0
272,93,159,0.018,0,0,313,212.4,5.68648300,45.19801100,0,0,-255,0,-255,0,0,0,0,0,0,0,0
273,93,159,0.018,0,0,315,212.4,5.68648300,45.19801100,0,0,-255,0,-255,0,0,0,0,0,0,0,0
274,93,159,0.018,0,0,314,212.4,5.68648300,45.19801100,0,0,-255,0,-255,0,0,0,0,0,0,0,0
275,93,161,0.018,0,0,313,212.4,5.68648300,45.19801100,0,0,-255,0,-255,0,0,0,0,0,0,0,0
276,92,161,0.018,0,0,311,212.6,5.68648300,45.19801100,0,0,-255,0,-255,0,0,0,0,0,0,0,0
277,92,162,0.018,0,0,307,212.6,5.68648300,45.19801100,0,0,-255,0,-255,0,0,0,0,0,0,0,0
278,92,162,0.018,0,0,299,212.6,5.68648300,45.19801100,0,0,-255,0,-255,0,0,0,0,0,0,0,0
279,92,162,0.018,0,0,286,212.6,5.68648300,45.19801100,0,0,-255,0,-255,0,0,0,0,0,0,0,0
280,92,163,0.018,0,0,274,212.6,5.68648300,45.19801100,0,0,-255,0,-255,0,0,0,0,0,0,0,0
281,92,163,0.018,0,0,274,212.6,5.68648300,45.19801100,0,0,-255,0,-255,0,0,0,0,0,0,0,0
282,92,163,0.018,0,0,282,212.6,5.68648300,45.19801100,0,0,-255,0,-255,0,0,0,0,0,0,0,0
283,92,164,0.018,0,0,292,212.6,5.68648300,45.19801100,0,0,-255,0,-255,0,0,0,0,0,0,0,0
284,92,164,0.018,0,0,301,212.6,5.68648300,45.19801100,0,0,-255,0,-255,0,0,0,0,0,0,0,0
285,92,164,0.018,0,0,313,212.6,5.68648300,45.19801100,0,0,-255,0,-255,0,0,0,0,0,0,0,0
286,92,164,0.018,0,0,325,212.6,5.68648300,45.19801100,0,0,-255,0,-255,0,0,0,0,0,0,0,0
287,93,164,0.018,0,0,336,212.6,5.68648300,45.19801100,0,0,-255,0,-255,0,0,0,0,0,0,0,0
288,93,164,0.018,0,0,335,212.6,5.68648300,45.19801100,0,0,-255,0,-255,0,0,0,0,0,0,0,0
289,93,164,0.018,0,0,323,212.6,5.68648300,45.19801100,0,0,-255,0,-255,0,0,0,0,0,0,0,0
290,92,164,0.018,0,0,309,212.6,5.68648300,45.19801100,0,0,-255,0,-255,0,0,0,0,0,0,0,0
291,92,164,0.018,0,0,294,212.6,5.68648300,45.19801100,0,0,-255,0,-255,0,0,0,0,0,0,0,0
292,91,164,0.018,0,0,284,212.6,5.68648300,45.19801100,0,0,-255,0,-255,0,0,0,0,0,0,0,0
293,90,164,0.018,0,0,293,212.6,5.68648300,45.19801100,0,0,-255,0,-255,0,0,0,0,0,0,0,0
294,90,163,0.018,0,0,298,212.6,5.68648300,45.19801100,0,0,-255,0,-255,0,0,0,0,0,0,0,0
295,91,163,0.018,0,0,308,212.6,5.68648300,45.19801100,0,0,-255,0,-255,0,0,0,0,0,0,0,0
296,92,163,0.018,0,0,315,212.6,5.68648300,45.19801100,0,0,-255,0,-255,0,0,0,0,0,0,0,0
297,92,163,0.018,0,0,318,212.6,5.68648300,45.19801100,0,0,-255,0,-255,0,0,0,0,0,0,0,0
298,91,163,0.018,0,0,313,212.6,5.68648300,45.19801100,0,0,-255,0,-255,0,0,0,0,0,0,0,0
299,90,163,0.018,0,0,306,212.6,5.68648300,45.19801100,0,0,-255,0,-255,0,0,0,0,0,0,0,0
300,90,163,0.018,0,0,302,212.6,5.68649700,45.19801900,0,0,-255,0,-255,0,0,0,0,0,0,0,0
301,91,163,0.02,1.44,0,303,212.6,5.68650700,45.19802400,0,0,-255,0,-255,0,0,0,0,0,0,0,0
302,90,163,0.022,2.88,0,307,212.6,5.68651600,45.19802500,0,0,-255,0,-255,0,0,0,0,0,0,0,0
303,91,163,0.0225,3.24,0,310,212.6,5.68652300,45.19802300,0,0,-255,0,-255,0,0,0,0,0,0,0,0
304,90,163,0.023,3.6,0,316,212.6,5.68653000,45.19802000,0,0,-255,0,-255,0,0,0,0,0,0,0,0
305,90,163,0.023,3.6,0,322,212.6,5.68653700,45.19801400,0,0,-255,0,-255,0,0,0,0,0,0,0,0
306,90,163,0.023,2.16,0,325,212.6,5.68653700,45.19801400,0,0,-255,0,-255,0,0,0,0,0,0,0,0
307,90,164,0.023,0.72,0,321,212.6,5.68653700,45.19801400,0,0,-255,0,-255,0,0,0,0,0,0,0,0
308,90,164,0.023,0.36,0,320,212.6,5.68653700,45.19801400,0,0,-255,0,-255,0,0,0,0,0,0,0,0
309,89,164,0.023,0,0,313,212.6,5.68653700,45.19801400,0,0,-255,0,-255,0,0,0,0,0,0,0,0
310,89,165,0.023,0,0,312,212.6,5.68653700,45.19801400,0,0,-255,0,-255,0,0,0,0,0,0,0,0
311,89,165,0.023,0,0,312,212.6,5.68653700,45.19801400,0,0,-255,0,-255,0,0,0,0,0,0,0,0
312,89,165,0.023,0,0,315,212.6,5.68653700,45.19801400,0,0,-255,0,-255,0,0,0,0,0,0,0,0
313,90,165,0.023,0,0,318,212.6,5.68653700,45.19801400,0,0,-255,0,-255,0,0,0,0,0,0,0,0
314,90,165,0.023,0,0,320,212.6,5.68653700,45.19801400,0,0,-255,0,-255,0,0,0,0,0,0,0,0
315,90,165,0.023,0,0,323,212.6,5.68653700,45.19801400,0,0,-255,0,-255,0,0,0,0,0,0,0,0
316,91,165,0.023,0,0,327,212.6,5.68653700,45.19801400,0,0,-255,0,-255,0,0,0,0,0,0,0,0
317,92,165,0.023,0,0,324,212.6,5.68653700,45.19801400,0,0,-255,0,-255,0,0,0,0,0,0,0,0
318,90,165,0.023,0,0,324,212.6,5.68653700,45.19801400,0,0,-255,0,-255,0,0,0,0,0,0,0,0
319,92,165,0.023,0,0,327,212.6,5.68653700,45.19801400,0,0,-255,0,-255,0,0,0,0,0,0,0,0
320,91,165,0.023,0,0,328,212.6,5.68653700,45.19801400,0,0,-255,0,-255,0,0,0,0,0,0,0,0
321,90,165,0.023,0,0,336,212.6,5.68653700,45.19801400,0,0,-255,0,-255,0,0,0,0,0,0,0,0
322,93,165,0.023,0,0,343,212.6,5.68653700,45.19801400,0,0,-255,0,-255,0,0,0,0,0,0,0,0
323,93,164,0.023,0,0,335,212.6,5.68653700,45.19801400,0,0,-255,0,-255,0,0,0,0,0,0,0,0
324,92,164,0.023,0,0,335,212.6,5.68653700,45.19801400,0,0,-255,0,-255,0,0,0,0,0,0,0,0
325,92,163,0.023,0,0,324,212.6,5.68653700,45.19801400,0,0,-255,0,-255,0,0,0,0,0,0,0,0
326,92,163,0.023,0,0,320,212.6,5.68653700,45.19801400,0,0,-255,0,-255,0,0,0,0,0,0,0,0
327,92,162,0.023,0,0,313,212.6,5.68653700,45.19801400,0,0,-255,0,-255,0,0,0,0,0,0,0,0
328,92,162,0.023,0,0,308,212.6,5.68653700,45.19801400,0,0,-255,0,-255,0,0,0,0,0,0,0,0
329,92,162,0.023,0,0,306,212.6,5.68653700,45.19801400,0,0,-255,0,-255,0,0,0,0,0,0,0,0
330,92,162,0.023,0,0,313,212.6,5.68653700,45.19801400,0,0,-255,0,-255,0,0,0,0,0,0,0,0
331,92,162,0.023,0,0,323,212.6,5.68653700,45.19801400,0,0,-255,0,-255,0,0,0,0,0,0,0,0
332,92,163,0.023,0,0,330,212.6,5.68653700,45.19801400,0,0,-255,0,-255,0,0,0,0,0,0,0,0
333,92,164,0.023,0,0,331,212.6,5.68653700,45.19801400,0,0,-255,0,-255,0,0,0,0,0,0,0,0
334,92,165,0.023,0,0,328,212.6,5.68653700,45.19801400,0,0,-255,0,-255,0,0,0,0,0,0,0,0
335,92,165,0.023,0,0,329,212.6,5.68653700,45.19801400,0,0,-255,0,-255,0,0,0,0,0,0,0,0
336,92,164,0.023,0,0,328,212.6,5.68653700,45.19801400,0,0,-255,0,-255,0,0,0,0,0,0,0,0
337,93,164,0.023,0,0,335,212.6,5.68653700,45.19801400,0,0,-255,0,-255,0,0,0,0,0,0,0,0
338,93,165,0.023,0,0,331,212.6,5.68653700,45.19801400,0,0,-255,0,-255,0,0,0,0,0,0,0,0
339,93,165,0.023,0,0,321,212.6,5.68653700,45.19801400,0,0,-255,0,-255,0,0,0,0,0,0,0,0
340,92,165,0.023,0,0,313,212.6,5.68653700,45.19801400,0,0,-255,0,-255,0,0,0,0,0,0,0,0
341,92,166,0.023,0,0,311,212.6,5.68653700,45.19801400,0,0,-255,0,-255,0,0,0,0,0,0,0,0
342,92,166,0.023,0,0,313,212.6,5.68653700,45.19801400,0,0,-255,0,-255,0,0,0,0,0,0,0,0
343,93,166,0.023,0,0,320,212.6,5.68653700,45.19801400,0,0,-255,0,-255,0,0,0,0,0,0,0,0
344,93,167,0.023,0,0,324,212.6,5.68653700,45.19801400,0,0,-255,0,-255,0,0,0,0,0,0,0,0
345,93,167,0.023,0,0,329,212.6,5.68653700,45.19801400,0,0,-255,0,-255,0,0,0,0,0,0,0,0
346,93,167,0.023,0,0,330,212.6,5.68653700,45.19801400,0,0,-255,0,-255,0,0,0,0,0,0,0,0
347,93,168,0.023,0,0,327,212.6,5.68653700,45.19801400,0,0,-255,0,-255,0,0,0,0,0,0,0,0
348,93,168,0.023,0,0,323,212.6,5.68653700,45.19801400,0,0,-255,0,-255,0,0,0,0,0,0,0,0
349,93,168,0.023,0,0,326,212.6,5.68653700,45.19801400,0,0,-255,0,-255,0,0,0,0,0,0,0,0
350,94,168,0.023,0,0,326,212.6,5.68653700,45.19801400,0,0,-255,0,-255,0,0,0,0,0,0,0,0
351,93,168,0.023,0,0,329,212.6,5.68653700,45.19801400,0,0,-255,0,-255,0,0,0,0,0,0,0,0
352,93,168,0.023,0,0,328,212.6,5.68653700,45.19801400,0,0,-255,0,-255,0,0,0,0,0,0,0,0
353,93,168,0.023,0,0,319,212.6,5.68653700,45.19801400,0,0,-255,0,-255,0,0,0,0,0,0,0,0
354,93,168,0.023,0,0,316,212.6,5.68653700,45.19801400,0,0,-255,0,-255,0,0,0,0,0,0,0,0
355,92,169,0.023,0,0,312,212.6,5.68653700,45.19801400,0,0,-255,0,-255,0,0,0,0,0,0,0,0
356,92,169,0.023,0,0,315,212.6,5.68653700,45.19801400,0,0,-255,0,-255,0,0,0,0,0,0,0,0
357,90,169,0.023,0,0,319,212.6,5.68653700,45.19801400,0,0,-255,0,-255,0,0,0,0,0,0,0,0
358,90,170,0.023,0,0,328,212.6,5.68653700,45.19801400,0,0,-255,0,-255,0,0,0,0,0,0,0,0
359,93,170,0.023,0,0,354,212.6,5.68653700,45.19801400,0,0,-255,0,-255,0,0,0,0,0,0,0,0
360,93,170,0.023,0,0,361,212.6,5.68653700,45.19801400,0,0,-255,0,-255,0,0,0,0,0,0,0,0
361,93,170,0.023,0,0,356,212.6,5.68653700,45.19801400,0,0,-255,0,-255,0,0,0,0,0,0,0,0
362,93,170,0.023,0,0,338,212.6,5.68653700,45.19801400,0,0,-255,0,-255,0,0,0,0,0,0,0,0
363,93,170,0.023,0,0,316,212.6,5.68653700,45.19801400,0,0,-255,0,-255,0,0,0,0,0,0,0,0
364,93,170,0.023,0,0,324,212.6,5.68653700,45.19801400,0,0,-255,0,-255,0,0,0,0,0,0,0,0
365,93,170,0.023,0,0,345,212.6,5.68653700,45.19801400,0,0,-255,0,-255,0,0,0,0,0,0,0,0
366,94,170,0.023,0,0,362,212.6,5.68653700,45.19801400,0,0,-255,0,-255,0,0,0,0,0,0,0,0
367,95,169,0.023,0,0,367,212.6,5.68653700,45.19801400,0,0,-255,0,-255,0,0,0,0,0,0,0,0
368,95,169,0.023,0,0,362,212.6,5.68653700,45.19801400,0,0,-255,0,-255,0,0,0,0,0,0,0,0
369,95,169,0.023,0,0,345,212.6,5.68653700,45.19801400,0,0,-255,0,-255,0,0,0,0,0,0,0,0
370,95,169,0.023,0,0,342,212.6,5.68653700,45.19801400,0,0,-255,0,-255,0,0,0,0,0,0,0,0
371,95,169,0.023,0,0,341,212.6,5.68653700,45.19801400,0,0,-255,0,-255,0,0,0,0,0,0,0,0
372,95,169,0.023,0,0,338,212.6,5.68653700,45.19801400,0,0,-255,0,-255,0,0,0,0,0,0,0,0
373,95,170,0.023,0,0,339,212.6,5.68653700,45.19801400,0,0,-255,0,-255,0,0,0,0,0,0,0,0
374,94,170,0.023,0,0,331,212.6,5.68653700,45.19801400,0,0,-255,0,-255,0,0,0,0,0,0,0,0
375,95,170,0.023,0,0,338,212.6,5.68653700,45.19801400,0,0,-255,0,-255,0,0,0,0,0,0,0,0
376,94,171,0.023,0,0,338,212.6,5.68653700,45.19801400,0,0,-255,0,-255,0,0,0,0,0,0,0,0
377,93,171,0.023,0,0,341,212.6,5.68653700,45.19801400,0,0,-255,0,-255,0,0,0,0,0,0,0,0
378,93,171,0.023,0,0,341,212.6,5.68653700,45.19801400,0,0,-255,0,-255,0,0,0,0,0,0,0,0
379,93,171,0.023,0,0,335,212.6,5.68653700,45.19801400,0,0,-255,0,-255,0,0,0,0,0,0,0,0
380,93,171,0.023,0,0,341,212.6,5.68653700,45.19801400,0,0,-255,0,-255,0,0,0,0,0,0,0,0
381,93,172,0.023,0,0,348,212.6,5.68653700,45.19801400,0,0,-255,0,-255,0,0,0,0,0,0,0,0
382,93,172,0.023,0,0,360,212.6,5.68653700,45.19801400,0,0,-255,0,-255,0,0,0,0,0,0,0,0
383,94,172,0.023,0,0,364,212.6,5.68653700,45.19801400,0,0,-255,0,-255,0,0,0,0,0,0,0,0
384,95,172,0.023,0,0,360,212.6,5.68653700,45.19801400,0,0,-255,0,-255,0,0,0,0,0,0,0,0
385,95,172,0.023,0,0,349,212.6,5.68653700,45.19801400,0,0,-255,0,-255,0,0,0,0,0,0,0,0
386,93,172,0.023,0,0,340,212.6,5.68653700,45.19801400,0,0,-255,0,-255,0,0,0,0,0,0,0,0
387,95,172,0.023,0,0,330,212.6,5.68653700,45.19801400,0,0,-255,0,-255,0,0,0,0,0,0,0,0
388,93,172,0.023,0,0,321,212.6,5.68653700,45.19801400,0,0,-255,0,-255,0,0,0,0,0,0,0,0
389,93,172,0.023,0,0,324,212.6,5.68653700,45.19801400,0,0,-255,0,-255,0,0,0,0,0,0,0,0
390,93,172,0.023,0,0,332,212.6,5.68653700,45.19801400,0,0,-255,0,-255,0,0,0,0,0,0,0,0
391,92,172,0.023,0,0,354,212.6,5.68653700,45.19801400,0,0,-255,0,-255,0,0,0,0,0,0,0,0
392,95,172,0.023,0,0,380,212.6,5.68653700,45.19801400,0,0,-255,0,-255,0,0,0,0,0,0,0,0
393,96,172,0.023,0,0,370,212.6,5.68653700,45.19801400,0,0,-255,0,-255,0,0,0,0,0,0,0,0
394,94,172,0.023,0,0,336,212.6,5.68653700,45.19801400,0,0,-255,0,-255,0,0,0,0,0,0,0,0
395,93,172,0.023,0,0,313,212.6,5.68653700,45.19801400,0,0,-255,0,-255,0,0,0,0,0,0,0,0
396,93,172,0.023,0,0,315,212.6,5.68653700,45.19801400,0,0,-255,0,-255,0,0,0,0,0,0,0,0
397,95,173,0.023,0,0,344,212.6,5.68653700,45.19801400,0,0,-255,0,-255,0,0,0,0,0,0,0,0
398,95,173,0.023,0,0,366,212.6,5.68653700,45.19801400,0,0,-255,0,-255,0,0,0,0,0,0,0,0
399,95,173,0.023,0,0,370,212.6,5.68653700,45.19801400,0,0,-255,0,-255,0,0,0,0,0,0,0,0
400,95,173,0.023,0,0,362,212.6,5.68653700,45.19801400,0,0,-255,0,-255,0,0,0,0,0,0,0,0
401,95,173,0.023,0,0,343,212.6,5.68653700,45.19801400,0,0,-255,0,-255,0,0,0,0,0,0,0,0
402,95,172,0.023,0,0,335,212.6,5.68653700,45.19801400,0,0,-255,0,-255,0,0,0,0,0,0,0,0
403,95,172,0.023,0,0,335,212.6,5.68653700,45.19801400,0,0,-255,0,-255,0,0,0,0,0,0,0,0
404,95,172,0.023,0,0,344,212.6,5.68653700,45.19801400,0,0,-255,0,-255,0,0,0,0,0,0,0,0
405,95,172,0.023,0,0,354,212.6,5.68653700,45.19801400,0,0,-255,0,-255,0,0,0,0,0,0,0,0
406,95,172,0.023,0,0,358,212.6,5.68653700,45.19801400,0,0,-255,0,-255,0,0,0,0,0,0,0,0
407,95,172,0.023,0,0,351,212.6,5.68653700,45.19801400,0,0,-255,0,-255,0,0,0,0,0,0,0,0
408,95,173,0.023,0,0,347,212.6,5.68653700,45.19801400,0,0,-255,0,-255,0,0,0,0,0,0,0,0
409,94,174,0.023,0,0,347,212.6,5.68653700,45.19801400,0,0,-255,0,-255,0,0,0,0,0,0,0,0
410,95,174,0.023,0,0,356,212.6,5.68653700,45.19801400,0,0,-255,0,-255,0,0,0,0,0,0,0,0
411,96,174,0.023,0,0,366,212.6,5.68653700,45.19801400,0,0,-255,0,-255,0,0,0,0,0,0,0,0
412,96,175,0.023,0,0,362,212.6,5.68653700,45.19801400,0,0,-255,0,-255,0,0,0,0,0,0,0,0
413,96,175,0.023,0,0,361,212.6,5.68653700,45.19801400,0,0,-255,0,-255,0,0,0,0,0,0,0,0
414,96,175,0.023,0,0,354,212.6,5.68653700,45.19801400,0,0,-255,0,-255,0,0,0,0,0,0,0,0
415,96,175,0.023,0,0,348,212.6,5.68653700,45.19801400,0,0,-255,0,-255,0,0,0,0,0,0,0,0
416,96,175,0.023,0,0,345,212.6,5.68653700,45.19801400,0,0,-255,0,-255,0,0,0,0,0,0,0,0
417,95,174,0.023,0,0,341,212.6,5.68653700,45.19801400,0,0,-255,0,-255,0,0,0,0,0,0,0,0
418,95,174,0.023,0,0,350,212.6,5.68653700,45.19801400,0,0,-255,0,-255,0,0,0,0,0,0,0,0
419,95,175,0.023,0,0,370,212.6,5.68653700,45.19801400,0,0,-255,0,-255,0,0,0,0,0,0,0,0
420,96,175,0.023,0,0,394,212.6,5.68653700,45.19801400,0,0,-255,0,-255,0,0,0,0,0,0,0,0
421,96,175,0.023,0,0,400,212.6,5.68653700,45.19801400,0,0,-255,0,-255,0,0,0,0,0,0,0,0
422,96,175,0.023,0,0,396,212.6,5.68653700,45.19801400,0,0,-255,0,-255,0,0,0,0,0,0,0,0
423,96,175,0.023,0,0,382,212.6,5.68653700,45.19801400,0,0,-255,0,-255,0,0,0,0,0,0,0,0
424,96,175,0.023,0,0,368,212.6,5.68653700,45.19801400,0,0,-255,0,-255,0,0,0,0,0,0,0,0
425,95,176,0.023,0,0,367,212.6,5.68653700,45.19801400,0,0,-255,0,-255,0,0,0,0,0,0,0,0
426,96,176,0.023,0,0,361,212.6,5.68653700,45.19801400,0,0,-255,0,-255,0,0,0,0,0,0,0,0
427,97,176,0.023,0,0,360,212.6,5.68653700,45.19801400,0,0,-255,0,-255,0,0,0,0,0,0,0,0
428,100,176,0.023,0,0,364,212.6,5.68653700,45.19801400,0,0,-255,0,-255,0,0,0,0,0,0,0,0
429,99,176,0.023,0,0,365,212.6,5.68653700,45.19801400,0,0,-255,0,-255,0,0,0,0,0,0,0,0
430,98,176,0.023,0,0,366,212.6,5.68653700,45.19801400,0,0,-255,0,-255,0,0,0,0,0,0,0,0
431,98,177,0.023,0,0,352,212.6,5.68653700,45.19801400,0,0,-255,0,-255,0,0,0,0,0,0,0,0
432,96,177,0.023,0,0,348,212.6,5.68653700,45.19801400,0,0,-255,0,-255,0,0,0,0,0,0,0,0
433,97,178,0.023,0,0,358,212.6,5.68653700,45.19801400,0,0,-255,0,-255,0,0,0,0,0,0,0,0
434,97,179,0.023,0,0,367,212.6,5.68653700,45.19801400,0,0,-255,0,-255,0,0,0,0,0,0,0,0
435,98,179,0.023,0,0,381,212.6,5.68653700,45.19801400,0,0,-255,0,-255,0,0,0,0,0,0,0,0
436,98,179,0.023,0,0,387,212.6,5.68653700,45.19801400,0,0,-255,0,-255,0,0,0,0,0,0,0,0
437,97,180,0.023,0,0,369,212.6,5.68653700,45.19801400,0,0,-255,0,-255,0,0,0,0,0,0,0,0
438,96,181,0.023,0,0,355,212.6,5.68653700,45.19801400,0,0,-255,0,-255,0,0,0,0,0,0,0,0
439,96,181,0.023,0,0,340,212.6,5.68653700,45.19801400,0,0,-255,0,-255,0,0,0,0,0,0,0,0
440,96,181,0.023,0,0,351,212.6,5.68653700,45.19801400,0,0,-255,0,-255,0,0,0,0,0,0,0,0
441,98,181,0.023,0,0,372,212.6,5.68653700,45.19801400,0,0,-255,0,-255,0,0,0,0,0,0,0,0
442,98,181,0.023,0,0,379,212.6,5.68653700,45.19801400,0,0,-255,0,-255,0,0,0,0,0,0,0,0
443,97,182,0.023,0,0,363,212.6,5.68653700,45.19801400,0,0,-255,0,-255,0,0,0,0,0,0,0,0
444,96,181,0.023,0,0,345,212.6,5.68653700,45.19801400,0,0,-255,0,-255,0,0,0,0,0,0,0,0
445,97,181,0.023,0,0,350,212.6,5.68653700,45.19801400,0,0,-255,0,-255,0,0,0,0,0,0,0,0
446,98,181,0.023,0,0,363,212.6,5.68653700,45.19801400,0,0,-255,0,-255,0,0,0,0,0,0,0,0
447,98,181,0.023,0,0,371,212.6,5.68653700,45.19801400,0,0,-255,0,-255,0,0,0,0,0,0,0,0
448,98,181,0.023,0,0,378,212.6,5.68653700,45.19801400,0,0,-255,0,-255,0,0,0,0,0,0,0,0
449,98,182,0.023,0,0,374,212.6,5.68653700,45.19801400,0,0,-255,0,-255,0,0,0,0,0,0,0,0
450,98,181,0.023,0,0,368,212.6,5.68653700,45.19801400,0,0,-255,0,-255,0,0,0,0,0,0,0,0
451,98,181,0.023,0,0,365,212.6,5.68653700,45.19801400,0,0,-255,0,-255,0,0,0,0,0,0,0,0
452,98,181,0.023,0,0,349,212.6,5.68653700,45.19801400,0,0,-255,0,-255,0,0,0,0,0,0,0,0
453,97,180,0.023,0,0,348,212.6,5.68653700,45.19801400,0,0,-255,0,-255,0,0,0,0,0,0,0,0
454,96,180,0.023,0,0,353,212.6,5.68653700,45.19801400,0,0,-255,0,-255,0,0,0,0,0,0,0,0
455,98,180,0.023,0,0,365,212.6,5.68653700,45.19801400,0,0,-255,0,-255,0,0,0,0,0,0,0,0
456,98,179,0.023,0,0,382,212.6,5.68653700,45.19801400,0,0,-255,0,-255,0,0,0,0,0,0,0,0
457,98,179,0.023,0,0,392,212.6,5.68653700,45.19801400,0,0,-255,0,-255,0,0,0,0,0,0,0,0
458,98,179,0.023,0,0,384,212.6,5.68653700,45.19801400,0,0,-255,0,-255,0,0,0,0,0,0,0,0
459,98,178,0.023,0,0,384,212.6,5.68653700,45.19801400,0,0,-255,0,-255,0,0,0,0,0,0,0,0
460,98,178,0.023,0,0,377,212.6,5.68653700,45.19801400,0,0,-255,0,-255,0,0,0,0,0,0,0,0
461,98,178,0.023,0,0,378,212.6,5.68653700,45.19801400,0,0,-255,0,-255,0,0,0,0,0,0,0,0
462,98,178,0.023,0,0,379,212.6,5.68653700,45.19801400,0,0,-255,0,-255,0,0,0,0,0,0,0,0
463,98,179,0.023,0,0,377,212.6,5.68653700,45.19801400,0,0,-255,0,-255,0,0,0,0,0,0,0,0
464,98,179,0.023,0,0,371,212.6,5.68653700,45.19801400,0,0,-255,0,-255,0,0,0,0,0,0,0,0
465,98,179,0.023,0,0,361,212.6,5.68653700,45.19801400,0,0,-255,0,-255,0,0,0,0,0,0,0,0
466,98,180,0.023,0,0,353,212.6,5.68653700,45.19801400,0,0,-255,0,-255,0,0,0,0,0,0,0,0
467,98,180,0.023,0,0,346,212.6,5.68653700,45.19801400,0,0,-255,0,-255,0,0,0,0,0,0,0,0
468,98,181,0.023,0,0,350,212.6,5.68653700,45.19801400,0,0,-255,0,-255,0,0,0,0,0,0,0,0
469,98,181,0.023,0,0,358,212.6,5.68653700,45.19801400,0,0,-255,0,-255,0,0,0,0,0,0,0,0
470,100,181,0.023,0,0,371,212.6,5.68653700,45.19801400,0,0,-255,0,-255,0,0,0,0,0,0,0,0
471,99,181,0.023,0,0,372,212.6,5.68653700,45.19801400,0,0,-255,0,-255,0,0,0,0,0,0,0,0
472,98,181,0.023,0,0,365,212.6,5.68653700,45.19801400,0,0,-255,0,-255,0,0,0,0,0,0,0,0
473,98,181,0.023,0,0,356,212.6,5.68653700,45.19801400,0,0,-255,0,-255,0,0,0,0,0,0,0,0
474,98,182,0.023,0,0,350,212.6,5.68653700,45.19801400,0,0,-255,0,-255,0,0,0,0,0,0,0,0
475,98,181,0.023,0,0,358,212.6,5.68653700,45.19801400,0,0,-255,0,-255,0,0,0,0,0,0,0,0
476,99,181,0.023,0,0,372,212.6,5.68653700,45.19801400,0,0,-255,0,-255,0,0,0,0,0,0,0,0
477,99,181,0.023,0,0,385,212.6,5.68653700,45.19801400,0,0,-255,0,-255,0,0,0,0,0,0,0,0
478,100,181,0.023,0,0,388,212.6,5.68653700,45.19801400,0,0,-255,0,-255,0,0,0,0,0,0,0,0
479,99,181,0.023,0,0,386,212.6,5.68653700,45.19801400,0,0,-255,0,-255,0,0,0,0,0,0,0,0
480,99,181,0.023,0,0,380,212.6,5.68653700,45.19801400,0,0,-255,0,-255,0,0,0,0,0,0,0,0
481,98,181,0.023,0,0,366,212.6,5.68653700,45.19801400,0,0,-255,0,-255,0,0,0,0,0,0,0,0
482,98,181,0.023,0,0,369,212.6,5.68653700,45.19801400,0,0,-255,0,-255,0,0,0,0,0,0,0,0
483,99,181,0.023,0,0,382,212.8,5.68653700,45.19801400,0,0,-255,0,-255,0,0,0,0,0,0,0,0
484,98,181,0.023,0,0,384,212.8,5.68653700,45.19801400,0,0,-255,0,-255,0,0,0,0,0,0,0,0
485,98,181,0.023,0,0,389,212.8,5.68653700,45.19801400,0,0,-255,0,-255,0,0,0,0,0,0,0,0
486,97,181,0.023,0,0,375,212.8,5.68653700,45.19801400,0,0,-255,0,-255,0,0,0,0,0,0,0,0
487,96,181,0.023,0,0,380,212.8,5.68653700,45.19801400,0,0,-255,0,-255,0,0,0,0,0,0,0,0
488,98,181,0.023,0,0,390,212.8,5.68653700,45.19801400,0,0,-255,0,-255,0,0,0,0,0,0,0,0
489,97,181,0.023,0,0,385,212.8,5.68653700,45.19801400,0,0,-255,0,-255,0,0,0,0,0,0,0,0
490,98,181,0.023,0,0,388,212.8,5.68653700,45.19801400,0,0,-255,0,-255,0,0,0,0,0,0,0,0
491,98,181,0.023,0,0,380,212.8,5.68653700,45.19801400,0,0,-255,0,-255,0,0,0,0,0,0,0,0
492,98,182,0.023,0,0,387,212.8,5.68653700,45.19801400,0,0,-255,0,-255,0,0,0,0,0,0,0,0
493,98,182,0.023,0,0,388,213,5.68653700,45.19801400,0,0,-255,0,-255,0,0,0,0,0,0,0,0
494,98,182,0.023,0,0,390,213,5.68653700,45.19801400,0,0,-255,0,-255,0,0,0,0,0,0,0,0
495,98,182,0.023,0,0,393,213,5.68653700,45.19801400,0,0,-255,0,-255,0,0,0,0,0,0,0,0
496,98,181,0.023,0,0,399,213,5.68653700,45.19801400,0,0,-255,0,-255,0,0,0,0,0,0,0,0
497,99,182,0.023,0,0,405,213,5.68653700,45.19801400,0,0,-255,0,-255,0,0,0,0,0,0,0,0
498,99,181,0.023,0,0,398,213,5.68653700,45.19801400,0,0,-255,0,-255,0,0,0,0,0,0,0,0
499,99,181,0.023,0,0,381,213,5.68653700,45.19801400,0,0,-255,0,-255,0,0,0,0,0,0,0,0
500,98,181,0.023,0,0,371,213,5.68653700,45.19801400,0,0,-255,0,-255,0,0,0,0,0,0,0,0
501,99,181,0.023,0,0,363,213,5.68653700,45.19801400,0,0,-255,0,-255,0,0,0,0,0,0,0,0
502,98,181,0.023,0,0,370,213,5.68653700,45.19801400,0,0,-255,0,-255,0,0,0,0,0,0,0,0
503,100,182,0.023,0,0,389,212.8,5.68653700,45.19801400,0,0,-255,0,-255,0,0,0,0,0,0,0,0
504,99,182,0.023,0,0,396,212.8,5.68653700,45.19801400,0,0,-255,0,-255,0,0,0,0,0,0,0,0
505,99,182,0.023,0,0,398,212.8,5.68653700,45.19801400,0,0,-255,0,-255,0,0,0,0,0,0,0,0
506,100,182,0.023,0,0,404,212.8,5.68653700,45.19801400,0,0,-255,0,-255,0,0,0,0,0,0,0,0
507,99,182,0.023,0,0,392,212.8,5.68653700,45.19801400,0,0,-255,0,-255,0,0,0,0,0,0,0,0
508,99,182,0.023,0,0,375,212.8,5.68653700,45.19801400,0,0,-255,0,-255,0,0,0,0,0,0,0,0
509,98,182,0.023,0,0,367,212.8,5.68653700,45.19801400,0,0,-255,0,-255,0,0,0,0,0,0,0,0
510,98,182,0.023,0,0,362,212.8,5.68653700,45.19801400,0,0,-255,0,-255,0,0,0,0,0,0,0,0
511,98,182,0.023,0,0,367,212.8,5.68653700,45.19801400,0,0,-255,0,-255,0,0,0,0,0,0,0,0
512,98,182,0.023,0,0,376,212.8,5.68653700,45.19801400,0,0,-255,0,-255,0,0,0,0,0,0,0,0
513,98,182,0.023,0,0,377,212.8,5.68653700,45.19801400,0,0,-255,0,-255,0,0,0,0,0,0,0,0
514,98,182,0.023,0,0,383,212.8,5.68653700,45.19801400,0,0,-255,0,-255,0,0,0,0,0,0,0,0
515,97,182,0.023,0,0,390,212.8,5.68653700,45.19801400,0,0,-255,0,-255,0,0,0,0,0,0,0,0
516,98,181,0.023,0,0,387,212.8,5.68653700,45.19801400,0,0,-255,0,-255,0,0,0,0,0,0,0,0
517,96,181,0.023,0,0,385,212.8,5.68653700,45.19801400,0,0,-255,0,-255,0,0,0,0,0,0,0,0
518,96,181,0.023,0,0,387,212.8,5.68653700,45.19801400,0,0,-255,0,-255,0,0,0,0,0,0,0,0
519,96,181,0.023,0,0,388,212.8,5.68653700,45.19801400,0,0,-255,0,-255,0,0,0,0,0,0,0,0
520,98,181,0.023,0,0,394,212.8,5.68653700,45.19801400,0,0,-255,0,-255,0,0,0,0,0,0,0,0
521,98,182,0.023,0,0,386,212.8,5.68653700,45.19801400,0,0,-255,0,-255,0,0,0,0,0,0,0,0
522,97,182,0.023,0,0,378,212.8,5.68653700,45.19801400,0,0,-255,0,-255,0,0,0,0,0,0,0,0
523,96,182,0.023,0,0,381,212.8,5.68653700,45.19801400,0,0,-255,0,-255,0,0,0,0,0,0,0,0
524,98,182,0.023,0,0,380,212.8,5.68653700,45.19801400,0,0,-255,0,-255,0,0,0,0,0,0,0,0
525,99,182,0.023,0,0,394,212.8,5.68653700,45.19801400,0,0,-255,0,-255,0,0,0,0,0,0,0,0
526,99,183,0.023,0,0,399,212.8,5.68653700,45.19801400,0,0,-255,0,-255,0,0,0,0,0,0,0,0
527,99,183,0.023,0,0,392,212.8,5.68653700,45.19801400,0,0,-255,0,-255,0,0,0,0,0,0,0,0
528,100,183,0.023,0,0,389,212.8,5.68653700,45.19801400,0,0,-255,0,-255,0,0,0,0,0,0,0,0
529,98,183,0.023,0,0,380,212.8,5.68653700,45.19801400,0,0,-255,0,-255,0,0,0,0,0,0,0,0
530,98,183,0.023,0,0,375,212.8,5.68653700,45.19801400,0,0,-255,0,-255,0,0,0,0,0,0,0,0
531,98,183,0.023,0,0,387,212.6,5.68653700,45.19801400,0,0,-255,0,-255,0,0,0,0,0,0,0,0
532,98,183,0.023,0,0,392,212.6,5.68653700,45.19801400,0,0,-255,0,-255,0,0,0,0,0,0,0,0
533,99,183,0.023,0,0,400,212.6,5.68653700,45.19801400,0,0,-255,0,-255,0,0,0,0,0,0,0,0
534,100,183,0.023,0,0,398,212.6,5.68653700,45.19801400,0,0,-255,0,-255,0,0,0,0,0,0,0,0
535,99,182,0.023,0,0,400,212.6,5.68653700,45.19801400,0,0,-255,0,-255,0,0,0,0,0,0,0,0
536,99,182,0.023,0,0,402,212.6,5.68653700,45.19801400,0,0,-255,0,-255,0,0,0,0,0,0,0,0
537,98,182,0.023,0,0,399,212.8,5.68653700,45.19801400,0,0,-255,0,-255,0,0,0,0,0,0,0,0
538,99,182,0.023,0,0,405,212.8,5.68653700,45.19801400,0,0,-255,0,-255,0,0,0,0,0,0,0,0
539,99,182,0.023,0,0,402,212.8,5.68653700,45.19801400,0,0,-255,0,-255,0,0,0,0,0,0,0,0
540,100,183,0.023,0,0,392,212.8,5.68653700,45.19801400,0,0,-255,0,-255,0,0,0,0,0,0,0,0
541,98,182,0.023,0,0,386,212.8,5.68653700,45.19801400,0,0,-255,0,-255,0,0,0,0,0,0,0,0
542,98,183,0.023,0,0,388,212.8,5.68653700,45.19801400,0,0,-255,0,-255,0,0,0,0,0,0,0,0
543,98,183,0.023,0,0,392,212.8,5.68653700,45.19801400,0,0,-255,0,-255,0,0,0,0,0,0,0,0
544,98,183,0.023,0,0,401,212.8,5.68653700,45.19801400,0,0,-255,0,-255,0,0,0,0,0,0,0,0
545,98,184,0.023,0,0,409,212.8,5.68653700,45.19801400,0,0,-255,0,-255,0,0,0,0,0,0,0,0
546,99,184,0.023,0,0,414,212.8,5.68653700,45.19801400,0,0,-255,0,-255,0,0,0,0,0,0,0,0
547,99,185,0.023,0,0,416,212.8,5.68653700,45.19801400,0,0,-255,0,-255,0,0,0,0,0,0,0,0
548,100,185,0.023,0,0,421,212.8,5.68653700,45.19801400,0,0,-255,0,-255,0,0,0,0,0,0,0,0
549,99,185,0.023,0,0,416,212.8,5.68653700,45.19801400,0,0,-255,0,-255,0,0,0,0,0,0,0,0
550,100,185,0.023,0,0,406,212.8,5.68653700,45.19801400,0,0,-255,0,-255,0,0,0,0,0,0,0,0
551,99,185,0.023,0,0,403,213,5.68653700,45.19801400,0,0,-255,0,-255,0,0,0,0,0,0,0,0
552,99,185,0.023,0,0,404,213,5.68653700,45.19801400,0,0,-255,0,-255,0,0,0,0,0,0,0,0
553,100,185,0.023,0,0,391,213,5.68653700,45.19801400,0,0,-255,0,-255,0,0,0,0,0,0,0,0
554,98,185,0.023,0,0,389,213,5.68653700,45.19801400,0,0,-255,0,-255,0,0,0,0,0,0,0,0
555,96,185,0.023,0,0,393,213,5.68653700,45.19801400,0,0,-255,0,-255,0,0,0,0,0,0,0,0
556,96,185,0.023,0,0,391,213,5.68653700,45.19801400,0,0,-255,0,-255,0,0,0,0,0,0,0,0
557,97,185,0.023,0,0,408,213,5.68653700,45.19801400,0,0,-255,0,-255,0,0,0,0,0,0,0,0
558,98,185,0.023,0,0,411,213,5.68653700,45.19801400,0,0,-255,0,-255,0,0,0,0,0,0,0,0
559,98,186,0.023,0,0,403,213,5.68653700,45.19801400,0,0,-255,0,-255,0,0,0,0,0,0,0,0
560,96,187,0.023,0,0,404,213,5.68653700,45.19801400,0,0,-255,0,-255,0,0,0,0,0,0,0,0
561,98,187,0.023,0,0,398,213,5.68653700,45.19801400,0,0,-255,0,-255,0,0,0,0,0,0,0,0
562,98,188,0.023,0,0,265,213,5.68653700,45.19801400,0,0,-255,0,-255,0,0,0,0,0,0,0,0
563,98,188,0.023,0,0,0,213,5.68653700,45.19801400,0,0,-255,0,-255,0,0,0,0,0,0,0,0
564,98,188,0.023,0,0,0,213,5.68653700,45.19801400,0,0,-255,0,-255,0,0,0,0,0,0,0,0
565,98,188,0.023,0,0,0,213,5.68653700,45.19801400,0,0,-255,0,-255,0,0,0,0,0,0,0,0
566,98,188,0.023,0,0,0,213,5.68653700,45.19801400,0,0,-255,0,-255,0,0,0,0,0,0,0,0
567,0,188,0.023,0,0,0,213,5.68653700,45.19801400,0,0,-255,0,-255,0,0,0,0,0,0,0,0
568,0,188,0.023,0,0,0,213,5.68653700,45.19801400,0,0,-255,0,-255,0,0,0,0,0,0,0,0
569,0,187,0.023,0,0,0,213,5.68653700,45.19801400,0,0,-255,0,-255,0,0,0,0,0,0,0,0
570,0,187,0.023,0,0,0,213,5.68653700,45.19801400,0,0,-255,0,-255,0,0,0,0,0,0,0,0
571,0,187,0.023,0,0,0,213,5.68653700,45.19801400,0,0,-255,0,-255,0,0,0,0,0,0,0,0
572,0,187,0.023,0,0,0,213,5.68653700,45.19801400,0,0,-255,0,-255,0,0,0,0,0,0,0,0
573,0,187,0.023,0,0,0,213,5.68653700,45.19801400,0,0,-255,0,-255,0,0,0,0,0,0,0,0
574,0,186,0.023,0,0,0,213,5.68653700,45.19801400,0,0,-255,0,-255,0,0,0,0,0,0,0,0
575,0,186,0.023,0,0,0,213.2,5.68653700,45.19801400,0,0,-255,0,-255,0,0,0,0,0,0,0,0
576,0,186,0.023,0,0,0,213.2,5.68653700,45.19801400,0,0,-255,0,-255,0,0,0,0,0,0,0,0
577,0,186,0.023,0,0,0,213.2,5.68653700,45.19801400,0,0,-255,0,-255,0,0,0,0,0,0,0,0
578,0,186,0.023,0,0,0,213.2,5.68653700,45.19801400,0,0,-255,0,-255,0,0,0,0,0,0,0,0
579,0,186,0.023,0,0,0,213.2,5.68653700,45.19801400,0,0,-255,0,-255,0,0,0,0,0,0,0,0
580,0,186,0.023,0,0,0,213.2,5.68653700,45.19801400,0,0,-255,0,-255,0,0,0,0,0,0,0,0
581,0,186,0.023,0,0,0,213.2,5.68653700,45.19801400,0,0,-255,0,-255,0,0,0,0,0,0,0,0
582,0,185,0.023,0,0,0,213.2,5.68653700,45.19801400,0,0,-255,0,-255,0,0,0,0,0,0,0,0
583,0,185,0.023,0,0,0,213.2,5.68653700,45.19801400,0,0,-255,0,-255,0,0,0,0,0,0,0,0
584,0,185,0.023,0,0,58,213.2,5.68653700,45.19801400,0,0,-255,0,-255,0,0,0,0,0,0,0,0
585,2,185,0.023,0,0,72,213.2,5.68653700,45.19801400,0,0,-255,0,-255,0,0,0,0,0,0,0,0
586,2,185,0.023,0,0,63,213.2,5.68653700,45.19801400,0,0,-255,0,-255,0,0,0,0,0,0,0,0
587,23,184,0.023,0,0,127,213.4,5.68653700,45.19801400,0,0,-255,0,-255,0,0,0,0,0,0,0,0
588,23,184,0.023,0,0,127,213.4,5.68653700,45.19801400,0,0,-255,0,-255,0,0,0,0,0,0,0,0
589,23,183,0.023,0,0,121,213.4,5.68653700,45.19801400,0,0,-255,0,-255,0,0,0,0,0,0,0,0
590,27,183,0.023,0,0,114,213.4,5.68653700,45.19801400,0,0,-255,0,-255,0,0,0,0,0,0,0,0
591,27,182,0.023,0,0,99,213.4,5.68653700,45.19801400,0,0,-255,0,-255,0,0,0,0,0,0,0,0
592,27,182,0.023,0,0,95,213.4,5.68653700,45.19801400,0,0,-255,0,-255,0,0,0,0,0,0,0,0
593,26,182,0.023,0,0,94,213.4,5.68653700,45.19801400,0,0,-255,0,-255,0,0,0,0,0,0,0,0
594,26,182,0.023,0,0,92,213.4,5.68653700,45.19801400,0,0,-255,0,-255,0,0,0,0,0,0,0,0
595,27,182,0.023,0,0,123,213.6,5.68653700,45.19801400,0,0,-255,0,-255,0,0,0,0,0,0,0,0
596,27,182,0.023,0,0,124,213.6,5.68653700,45.19801400,0,0,-255,0,-255,0,0,0,0,0,0,0,0
597,29,182,0.023,0,0,123,213.6,5.68653700,45.19801400,0,0,-255,0,-255,0,0,0,0,0,0,0,0
598,29,182,0.023,0,0,124,213.6,5.68653700,45.19801400,0,0,-255,0,-255,0,0,0,0,0,0,0,0
599,29,182,0.023,0,0,122,213.6,5.68653700,45.19801400,0,0,-255,0,-255,0,0,0,0,0,0,0,0
600,29,182,0.023,0,0,119,213.6,5.68653700,45.19801400,0,0,-255,0,-255,0,0,0,0,0,0,0,0
601,31,182,0.023,0,0,118,213.6,5.68653700,45.19801400,0,0,-255,0,-255,0,0,0,0,0,0,0,0
602,31,182,0.023,0,0,117,213.6,5.68653700,45.19801400,0,0,-255,0,-255,0,0,0,0,0,0,0,0
603,33,182,0.023,0,0,143,213.6,5.68653700,45.19801400,0,0,-255,0,-255,0,0,0,0,0,0,0,0
604,33,181,0.023,0,0,139,213.6,5.68653700,45.19801400,0,0,-255,0,-255,0,0,0,0,0,0,0,0
605,36,181,0.023,0,0,132,213.6,5.68653700,45.19801400,0,0,-255,0,-255,0,0,0,0,0,0,0,0
606,38,180,0.023,0,0,121,213.6,5.68653700,45.19801400,0,0,-255,0,-255,0,0,0,0,0,0,0,0
607,38,180,0.023,0,0,121,213.6,5.68653700,45.19801400,0,0,-255,0,-255,0,0,0,0,0,0,0,0
608,40,179,0.023,0,0,127,213.6,5.68653700,45.19801400,0,0,-255,0,-255,0,0,0,0,0,0,0,0
609,42,179,0.023,0,0,126,213.6,5.68653700,45.19801400,0,0,-255,0,-255,0,0,0,0,0,0,0,0
610,42,178,0.023,0,0,160,213.6,5.68653700,45.19801400,0,0,-255,0,-255,0,0,0,0,0,0,0,0
611,45,178,0.023,0,0,150,213.4,5.68653700,45.19801400,0,0,-255,0,-255,0,0,0,0,0,0,0,0
612,48,178,0.023,0,0,154,213.4,5.68653700,45.19801400,0,0,-255,0,-255,0,0,0,0,0,0,0,0
613,51,177,0.023,0,0,158,213.4,5.68653700,45.19801400,0,0,-255,0,-255,0,0,0,0,0,0,0,0
614,54,177,0.023,0,0,149,213.4,5.68653700,45.19801400,0,0,-255,0,-255,0,0,0,0,0,0,0,0
615,56,176,0.023,0,0,140,213.4,5.68653700,45.19801400,0,0,-255,0,-255,0,0,0,0,0,0,0,0
616,57,175,0.023,0,0,128,213.4,5.68653700,45.19801400,0,0,-255,0,-255,0,0,0,0,0,0,0,0
617,58,175,0.023,0,0,118,213.4,5.68653700,45.19801400,0,0,-255,0,-255,0,0,0,0,0,0,0,0
618,60,174,0.023,0,0,121,213.4,5.68653700,45.19801400,0,0,-255,0,-255,0,0,0,0,0,0,0,0
619,61,174,0.023,0,0,124,213.2,5.68653700,45.19801400,0,0,-255,0,-255,0,0,0,0,0,0,0,0
620,62,173,0.023,0,0,129,213.2,5.68653700,45.19801400,0,0,-255,0,-255,0,0,0,0,0,0,0,0
621,63,173,0.023,0,0,131,213.2,5.68653700,45.19801400,0,0,-255,0,-255,0,0,0,0,0,0,0,0
622,63,172,0.023,0,0,132,213.2,5.68653700,45.19801400,0,0,-255,0,-255,0,0,0,0,0,0,0,0
623,64,172,0.023,0,0,131,213.2,5.68653700,45.19801400,0,0,-255,0,-255,0,0,0,0,0,0,0,0
624,64,171,0.023,0,0,127,213.2,5.68653700,45.19801400,0,0,-255,0,-255,0,0,0,0,0,0,0,0
625,65,171,0.023,0,0,124,213.4,5.68653700,45.19801400,0,0,-255,0,-255,0,0,0,0,0,0,0,0
626,65,170,0.023,0,0,120,213.4,5.68653700,45.19801400,0,0,-255,0,-255,0,0,0,0,0,0,0,0
627,65,170,0.023,0,0,124,213.4,5.68653700,45.19801400,0,0,-255,0,-255,0,0,0,0,0,0,0,0
628,65,169,0.023,0,0,130,213.4,5.68653700,45.19801400,0,0,-255,0,-255,0,0,0,0,0,0,0,0
629,66,169,0.023,0,0,130,213.4,5.68653700,45.19801400,0,0,-255,0,-255,0,0,0,0,0,0,0,0
630,65,168,0.023,0,0,120,213.4,5.68653700,45.19801400,0,0,-255,0,-255,0,0,0,0,0,0,0,0
631,65,166,0.023,0,0,109,213.4,5.68653700,45.19801400,0,0,-255,0,-255,0,0,0,0,0,0,0,0
632,65,164,0.023,0,0,103,213.4,5.68653700,45.19801400,0,0,-255,0,-255,0,0,0,0,0,0,0,0
633,65,162,0.023,0,0,115,213.4,5.68653700,45.19801400,0,0,-255,0,-255,0,0,0,0,0,0,0,0
634,66,159,0.023,0,0,132,213.4,5.68653700,45.19801400,0,0,-255,0,-255,0,0,0,0,0,0,0,0
635,68,155,0.023,0,0,143,213.4,5.68653700,45.19801400,0,0,-255,0,-255,0,0,0,0,0,0,0,0
636,69,152,0.023,0,0,140,213.4,5.68653700,45.19801400,0,0,-255,0,-255,0,0,0,0,0,0,0,0
637,69,149,0.023,0,0,132,213.4,5.68653700,45.19801400,0,0,-255,0,-255,0,0,0,0,0,0,0,0
638,69,148,0.023,0,0,126,213.4,5.68653700,45.19801400,0,0,-255,0,-255,0,0,0,0,0,0,0,0
639,70,147,0.023,0,0,125,213.4,5.68653700,45.19801400,0,0,-255,0,-255,0,0,0,0,0,0,0,0
640,71,147,0.023,0,0,132,213.4,5.68653700,45.19801400,0,0,-255,0,-255,0,0,0,0,0,0,0,0
641,72,147,0.023,0,0,127,213.4,5.68653700,45.19801400,0,0,-255,0,-255,0,0,0,0,0,0,0,0
642,72,146,0.023,0,0,123,213.4,5.68653700,45.19801400,0,0,-255,0,-255,0,0,0,0,0,0,0,0
643,72,146,0.023,0,0,122,213.4,5.68653700,45.19801400,0,0,-255,0,-255,0,0,0,0,0,0,0,0
644,72,146,0.023,0,0,121,213.4,5.68653700,45.19801400,0,0,-255,0,-255,0,0,0,0,0,0,0,0
645,72,146,0.023,0,0,129,213.4,5.68653700,45.19801400,0,0,-255,0,-255,0,0,0,0,0,0,0,0
646,73,146,0.023,0,0,125,213.4,5.68653700,45.19801400,0,0,-255,0,-255,0,0,0,0,0,0,0,0
647,72,146,0.023,0,0,120,213.4,5.68653700,45.19801400,0,0,-255,0,-255,0,0,0,0,0,0,0,0
648,72,146,0.023,0,0,113,213.4,5.68653700,45.19801400,0,0,-255,0,-255,0,0,0,0,0,0,0,0
649,71,146,0.023,0,0,105,213.4,5.68653700,45.19801400,0,0,-255,0,-255,0,0,0,0,0,0,0,0
650,70,146,0.023,0,0,108,213.4,5.68653700,45.19801400,0,0,-255,0,-255,0,0,0,0,0,0,0,0
651,70,145,0.023,0,0,109,213.4,5.68653700,45.19801400,0,0,-255,0,-255,0,0,0,0,0,0,0,0
652,71,145,0.023,0,0,120,213.4,5.68653700,45.19801400,0,0,-255,0,-255,0,0,0,0,0,0,0,0
653,71,144,0.023,0,0,132,213.4,5.68653700,45.19801400,0,0,-255,0,-255,0,0,0,0,0,0,0,0
654,72,143,0.023,0,0,135,213.4,5.68653700,45.19801400,0,0,-255,0,-255,0,0,0,0,0,0,0,0
655,72,143,0.023,0,0,137,213.4,5.68653700,45.19801400,0,0,-255,0,-255,0,0,0,0,0,0,0,0
656,72,143,0.023,0,0,136,213.4,5.68653700,45.19801400,0,0,-255,0,-255,0,0,0,0,0,0,0,0
657,73,142,0.023,0,0,133,213.4,5.68653700,45.19801400,0,0,-255,0,-255,0,0,0,0,0,0,0,0
658,73,141,0.023,0,0,141,213.4,5.68653700,45.19801400,0,0,-255,0,-255,0,0,0,0,0,0,0,0
659,74,139,0.023,0,0,138,213.4,5.68653700,45.19801400,0,0,-255,0,-255,0,0,0,0,0,0,0,0
660,75,139,0.023,0,0,142,213.4,5.68653700,45.19801400,0,0,-255,0,-255,0,0,0,0,0,0,0,0
661,76,138,0.023,0,0,140,213.4,5.68653700,45.19801400,0,0,-255,0,-255,0,0,0,0,0,0,0,0
662,76,138,0.023,0,0,134,213.4,5.68653700,45.19801400,0,0,-255,0,-255,0,0,0,0,0,0,0,0
663,76,139,0.023,0,0,129,213.4,5.68653700,45.19801400,0,0,-255,0,-255,0,0,0,0,0,0,0,0
664,76,138,0.023,0,0,119,213.4,5.68653700,45.19801400,0,0,-255,0,-255,0,0,0,0,0,0,0,0
665,77,138,0.023,0,0,112,213.6,5.68653700,45.19801400,0,0,-255,0,-255,0,0,0,0,0,0,0,0
666,75,138,0.023,0,0,104,213.6,5.68653700,45.19801400,0,0,-255,0,-255,0,0,0,0,0,0,0,0
667,74,138,0.023,0,0,96,213.6,5.68653700,45.19801400,0,0,-255,0,-255,0,0,0,0,0,0,0,0
668,73,138,0.023,0,0,93,213.6,5.68653700,45.19801400,0,0,-255,0,-255,0,0,0,0,0,0,0,0
669,72,138,0.023,0,0,90,213.6,5.68653700,45.19801400,0,0,-255,0,-255,0,0,0,0,0,0,0,0
670,72,138,0.023,0,0,102,213.6,5.68653700,45.19801400,0,0,-255,0,-255,0,0,0,0,0,0,0,0
671,72,137,0.023,0,0,116,213.6,5.68653700,45.19801400,0,0,-255,0,-255,0,0,0,0,0,0,0,0
672,73,137,0.023,0,0,130,213.6,5.68653700,45.19801400,0,0,-255,0,-255,0,0,0,0,0,0,0,0
673,73,137,0.023,0,0,141,213.6,5.68653700,45.19801400,0,0,-255,0,-255,0,0,0,0,0,0,0,0
674,74,137,0.023,0,0,138,213.6,5.68653700,45.19801400,0,0,-255,0,-255,0,0,0,0,0,0,0,0
675,74,137,0.023,0,0,133,213.6,5.68653700,45.19801400,0,0,-255,0,-255,0,0,0,0,0,0,0,0
676,73,138,0.023,0,0,123,213.6,5.68653700,45.19801400,0,0,-255,0,-255,0,0,0,0,0,0,0,0
677,73,138,0.023,0,0,121,213.6,5.68653700,45.19801400,0,0,-255,0,-255,0,0,0,0,0,0,0,0
678,73,138,0.023,0,0,118,213.6,5.68653700,45.19801400,0,0,-255,0,-255,0,0,0,0,0,0,0,0
679,74,138,0.023,0,0,125,213.6,5.68653700,45.19801400,0,0,-255,0,-255,0,0,0,0,0,0,0,0
680,74,139,0.023,0,0,131,213.6,5.68653700,45.19801400,0,0,-255,0,-255,0,0,0,0,0,0,0,0
681,75,138,0.023,0,0,135,213.6,5.68653700,45.19801400,0,0,-255,0,-255,0,0,0,0,0,0,0,0
682,74,137,0.023,0,0,134,213.6,5.68653700,45.19801400,0,0,-255,0,-255,0,0,0,0,0,0,0,0
683,75,137,0.023,0,0,122,213.6,5.68653700,45.19801400,0,0,-255,0,-255,0,0,0,0,0,0,0,0
684,75,138,0.023,0,0,117,213.6,5.68653700,45.19801400,0,0,-255,0,-255,0,0,0,0,0,0,0,0
685,75,138,0.023,0,0,109,213.6,5.68653700,45.19801400,0,0,-255,0,-255,0,0,0,0,0,0,0,0
686,74,138,0.023,0,0,115,213.6,5.68653700,45.19801400,0,0,-255,0,-255,0,0,0,0,0,0,0,0
687,75,138,0.023,0,0,116,213.6,5.68653700,45.19801400,0,0,-255,0,-255,0,0,0,0,0,0,0,0
688,75,137,0.023,0,0,120,213.6,5.68653700,45.19801400,0,0,-255,0,-255,0,0,0,0,0,0,0,0
689,74,136,0.023,0,0,119,213.6,5.68653700,45.19801400,0,0,-255,0,-255,0,0,0,0,0,0,0,0
690,75,136,0.023,0,0,115,213.6,5.68653700,45.19801400,0,0,-255,0,-255,0,0,0,0,0,0,0,0
691,75,136,0.023,0,0,116,213.6,5.68653700,45.19801400,0,0,-255,0,-255,0,0,0,0,0,0,0,0
692,74,136,0.023,0,0,111,213.6,5.68653700,45.19801400,0,0,-255,0,-255,0,0,0,0,0,0,0,0
693,74,135,0.023,0,0,117,213.6,5.68653700,45.19801400,0,0,-255,0,-255,0,0,0,0,0,0,0,0
694,74,135,0.023,0,0,120,213.4,5.68653700,45.19801400,0,0,-255,0,-255,0,0,0,0,0,0,0,0
695,75,135,0.023,0,0,128,213.4,5.68653700,45.19801400,0,0,-255,0,-255,0,0,0,0,0,0,0,0
696,74,135,0.023,0,0,127,213.4,5.68653700,45.19801400,0,0,-255,0,-255,0,0,0,0,0,0,0,0
697,74,134,0.023,0,0,124,213.4,5.68653700,45.19801400,0,0,-255,0,-255,0,0,0,0,0,0,0,0
698,74,134,0.023,0,0,114,213.4,5.68653700,45.19801400,0,0,-255,0,-255,0,0,0,0,0,0,0,0
699,73,134,0.023,0,0,114,213.4,5.68653700,45.19801400,0,0,-255,0,-255,0,0,0,0,0,0,0,0
700,73,133,0.023,0,0,109,213.4,5.68653700,45.19801400,0,0,-255,0,-255,0,0,0,0,0,0,0,0
701,73,132,0.023,0,0,115,213.4,5.68653700,45.19801400,0,0,-255,0,-255,0,0,0,0,0,0,0,0
702,73,132,0.023,0,0,114,213.4,5.68653700,45.19801400,0,0,-255,0,-255,0,0,0,0,0,0,0,0
703,73,131,0.023,0,0,121,213.4,5.68653700,45.19801400,0,0,-255,0,-255,0,0,0,0,0,0,0,0
704,73,131,0.023,0,0,121,213.4,5.68653700,45.19801400,0,0,-255,0,-255,0,0,0,0,0,0,0,0
705,73,131,0.023,0,0,120,213.4,5.68653700,45.19801400,0,0,-255,0,-255,0,0,0,0,0,0,0,0
706,72,130,0.023,0,0,122,213.4,5.68653700,45.19801400,0,0,-255,0,-255,0,0,0,0,0,0,0,0
707,73,130,0.023,0,0,116,213.4,5.68653700,45.19801400,0,0,-255,0,-255,0,0,0,0,0,0,0,0
708,73,130,0.023,0,0,119,213.4,5.68653700,45.19801400,0,0,-255,0,-255,0,0,0,0,0,0,0,0
709,72,130,0.023,0,0,113,213.4,5.68653700,45.19801400,0,0,-255,0,-255,0,0,0,0,0,0,0,0
710,72,130,0.023,0,0,114,213.4,5.68653700,45.19801400,0,0,-255,0,-255,0,0,0,0,0,0,0,0
711,72,129,0.023,0,0,114,213.4,5.68653700,45.19801400,0,0,-255,0,-255,0,0,0,0,0,0,0,0
712,72,128,0.023,0,0,117,213.4,5.68653700,45.19801400,0,0,-255,0,-255,0,0,0,0,0,0,0,0
713,72,128,0.023,0,0,122,213.4,5.68653700,45.19801400,0,0,-255,0,-255,0,0,0,0,0,0,0,0
714,72,127,0.023,0,0,114,213.4,5.68653700,45.19801400,0,0,-255,0,-255,0,0,0,0,0,0,0,0
715,72,127,0.023,0,0,114,213.4,5.68653700,45.19801400,0,0,-255,0,-255,0,0,0,0,0,0,0,0
716,72,127,0.023,0,0,106,213.4,5.68653700,45.19801400,0,0,-255,0,-255,0,0,0,0,0,0,0,0
717,72,127,0.023,0,0,105,213.4,5.68653700,45.19801400,0,0,-255,0,-255,0,0,0,0,0,0,0,0
718,71,127,0.023,0,0,115,213.4,5.68653700,45.19801400,0,0,-255,0,-255,0,0,0,0,0,0,0,0
719,71,126,0.023,0,0,110,213.4,5.68653700,45.19801400,0,0,-255,0,-255,0,0,0,0,0,0,0,0
720,71,126,0.023,0,0,118,213.4,5.68653700,45.19801400,0,0,-255,0,-255,0,0,0,0,0,0,0,0
721,71,126,0.023,0,0,118,213.4,5.68653700,45.19801400,0,0,-255,0,-255,0,0,0,0,0,0,0,0
722,71,126,0.023,0,0,114,213.2,5.68653700,45.19801400,0,0,-255,0,-255,0,0,0,0,0,0,0,0
723,71,125,0.023,0,0,116,213.2,5.68653700,45.19801400,0,0,-255,0,-255,0,0,0,0,0,0,0,0
724,70,125,0.023,0,0,106,213.2,5.68653700,45.19801400,0,0,-255,0,-255,0,0,0,0,0,0,0,0
725,70,125,0.023,0,0,107,213.2,5.68653700,45.19801400,0,0,-255,0,-255,0,0,0,0,0,0,0,0
726,71,124,0.023,0,0,117,213.2,5.68653700,45.19801400,0,0,-255,0,-255,0,0,0,0,0,0,0,0
727,71,123,0.023,0,0,124,213.2,5.68653700,45.19801400,0,0,-255,0,-255,0,0,0,0,0,0,0,0
728,72,123,0.023,0,0,133,213.2,5.68653700,45.19801400,0,0,-255,0,-255,0,0,0,0,0,0,0,0
729,72,123,0.023,0,0,134,213.2,5.68653700,45.19801400,0,0,-255,0,-255,0,0,0,0,0,0,0,0
730,73,123,0.023,0,0,130,213.2,5.68653700,45.19801400,0,0,-255,0,-255,0,0,0,0,0,0,0,0
731,74,123,0.023,0,0,132,213.2,5.68653700,45.19801400,0,0,-255,0,-255,0,0,0,0,0,0,0,0
732,74,123,0.023,0,0,129,213,5.68653700,45.19801400,0,0,-255,0,-255,0,0,0,0,0,0,0,0
733,74,123,0.023,0,0,132,213,5.68653700,45.19801400,0,0,-255,0,-255,0,0,0,0,0,0,0,0
734,73,123,0.023,0,0,127,213,5.68653700,45.19801400,0,0,-255,0,-255,0,0,0,0,0,0,0,0
735,74,123,0.023,0,0,126,213,5.68653700,45.19801400,0,0,-255,0,-255,0,0,0,0,0,0,0,0
736,74,123,0.023,0,0,115,213,5.68653700,45.19801400,0,0,-255,0,-255,0,0,0,0,0,0,0,0
737,73,122,0.023,0,0,104,213,5.68653700,45.19801400,0,0,-255,0,-255,0,0,0,0,0,0,0,0
738,73,122,0.023,0,0,104,213,5.68653700,45.19801400,0,0,-255,0,-255,0,0,0,0,0,0,0,0
739,72,122,0.023,0,0,105,213,5.68653700,45.19801400,0,0,-255,0,-255,0,0,0,0,0,0,0,0
740,72,123,0.023,0,0,119,213,5.68653700,45.19801400,0,0,-255,0,-255,0,0,0,0,0,0,0,0
741,73,123,0.023,0,0,123,213,5.68653700,45.19801400,0,0,-255,0,-255,0,0,0,0,0,0,0,0
742,73,123,0.023,0,0,129,213.2,5.68653700,45.19801400,0,0,-255,0,-255,0,0,0,0,0,0,0,0
743,73,122,0.023,0,0,127,213.2,5.68653700,45.19801400,0,0,-255,0,-255,0,0,0,0,0,0,0,0
744,73,122,0.023,0,0,131,213.2,5.68653700,45.19801400,0,0,-255,0,-255,0,0,0,0,0,0,0,0
745,74,122,0.023,0,0,134,213.2,5.68653700,45.19801400,0,0,-255,0,-255,0,0,0,0,0,0,0,0
746,74,122,0.023,0,0,136,213.2,5.68653700,45.19801400,0,0,-255,0,-255,0,0,0,0,0,0,0,0
747,75,122,0.023,0,0,139,213.2,5.68653700,45.19801400,0,0,-255,0,-255,0,0,0,0,0,0,0,0
748,74,122,0.023,0,0,132,213.2,5.68653700,45.19801400,0,0,-255,0,-255,0,0,0,0,0,0,0,0
749,74,123,0.023,0,0,129,213.2,5.68653700,45.19801400,0,0,-255,0,-255,0,0,0,0,0,0,0,0
750,75,123,0.023,0,0,132,213.2,5.68653700,45.19801400,0,0,-255,0,-255,0,0,0,0,0,0,0,0
751,76,123,0.023,0,0,141,213.2,5.68653700,45.19801400,0,0,-255,0,-255,0,0,0,0,0,0,0,0
752,77,123,0.023,0,0,139,213.2,5.68653700,45.19801400,0,0,-255,0,-255,0,0,0,0,0,0,0,0
753,78,123,0.023,0,0,137,213.2,5.68653700,45.19801400,0,0,-255,0,-255,0,0,0,0,0,0,0,0
754,77,124,0.023,0,0,115,213.2,5.68653700,45.19801400,0,0,-255,0,-255,0,0,0,0,0,0,0,0
755,77,124,0.023,0,0,117,213.2,5.68653700,45.19801400,0,0,-255,0,-255,0,0,0,0,0,0,0,0
756,77,124,0.023,0,0,111,213.2,5.68653700,45.19801400,0,0,-255,0,-255,0,0,0,0,0,0,0,0
757,76,124,0.023,0,0,115,213.2,5.68653700,45.19801400,0,0,-255,0,-255,0,0,0,0,0,0,0,0
758,76,124,0.023,0,0,115,213.2,5.68653700,45.19801400,0,0,-255,0,-255,0,0,0,0,0,0,0,0
759,76,124,0.023,0,0,112,213.2,5.68653700,45.19801400,0,0,-255,0,-255,0,0,0,0,0,0,0,0
760,73,124,0.023,0,0,113,213.2,5.68653700,45.19801400,0,0,-255,0,-255,0,0,0,0,0,0,0,0
761,75,124,0.023,0,0,123,213.2,5.68653700,45.19801400,0,0,-255,0,-255,0,0,0,0,0,0,0,0
762,76,124,0.023,0,0,143,213.4,5.68653700,45.19801400,0,0,-255,0,-255,0,0,0,0,0,0,0,0
763,77,124,0.023,0,0,143,213.4,5.68653700,45.19801400,0,0,-255,0,-255,0,0,0,0,0,0,0,0
764,76,125,0.023,0,0,140,213.4,5.68653700,45.19801400,0,0,-255,0,-255,0,0,0,0,0,0,0,0
765,75,126,0.023,0,0,110,213.4,5.68653700,45.19801400,0,0,-255,0,-255,0,0,0,0,0,0,0,0
766,75,126,0.023,0,0,102,213.4,5.68653700,45.19801400,0,0,-255,0,-255,0,0,0,0,0,0,0,0
767,75,126,0.023,0,0,100,213.4,5.68653700,45.19801400,0,0,-255,0,-255,0,0,0,0,0,0,0,0
768,74,126,0.023,0,0,112,213.6,5.68653700,45.19801400,0,0,-255,0,-255,0,0,0,0,0,0,0,0
769,75,125,0.023,0,0,119,213.6,5.68653700,45.19801400,0,0,-255,0,-255,0,0,0,0,0,0,0,0
770,75,125,0.023,0,0,122,213.6,5.68653700,45.19801400,0,0,-255,0,-255,0,0,0,0,0,0,0,0
771,75,125,0.023,0,0,120,213.6,5.68653700,45.19801400,0,0,-255,0,-255,0,0,0,0,0,0,0,0
772,74,124,0.023,0,0,117,213.6,5.68653700,45.19801400,0,0,-255,0,-255,0,0,0,0,0,0,0,0
773,75,124,0.023,0,0,117,213.6,5.68653700,45.19801400,0,0,-255,0,-255,0,0,0,0,0,0,0,0
774,75,123,0.023,0,0,122,213.4,5.68653700,45.19801400,0,0,-255,0,-255,0,0,0,0,0,0,0,0
775,76,124,0.023,0,0,124,213.4,5.68653700,45.19801400,0,0,-255,0,-255,0,0,0,0,0,0,0,0
776,75,123,0.023,0,0,127,213.4,5.68653700,45.19801400,0,0,-255,0,-255,0,0,0,0,0,0,0,0
777,75,123,0.023,0,0,124,213.4,5.68653700,45.19801400,0,0,-255,0,-255,0,0,0,0,0,0,0,0
778,75,123,0.023,0,0,124,213.4,5.68653700,45.19801400,0,0,-255,0,-255,0,0,0,0,0,0,0,0
779,75,122,0.023,0,0,124,213.4,5.68653700,45.19801400,0,0,-255,0,-255,0,0,0,0,0,0,0,0
780,75,122,0.023,0,0,125,213.4,5.68653700,45.19801400,0,0,-255,0,-255,0,0,0,0,0,0,0,0
781,76,122,0.023,0,0,124,213.4,5.68653700,45.19801400,0,0,-255,0,-255,0,0,0,0,0,0,0,0
782,76,122,0.023,0,0,120,213.4,5.68653700,45.19801400,0,0,-255,0,-255,0,0,0,0,0,0,0,0
783,75,122,0.023,0,0,116,213.4,5.68653700,45.19801400,0,0,-255,0,-255,0,0,0,0,0,0,0,0
784,75,122,0.023,0,0,114,213.4,5.68653700,45.19801400,0,0,-255,0,-255,0,0,0,0,0,0,0,0
785,75,122,0.023,0,0,116,213.4,5.68653700,45.19801400,0,0,-255,0,-255,0,0,0,0,0,0,0,0
786,75,121,0.023,0,0,120,213.4,5.68653700,45.19801400,0,0,-255,0,-255,0,0,0,0,0,0,0,0
787,74,122,0.023,0,0,125,213.4,5.68653700,45.19801400,0,0,-255,0,-255,0,0,0,0,0,0,0,0
788,75,122,0.023,0,0,125,213.4,5.68653700,45.19801400,0,0,-255,0,-255,0,0,0,0,0,0,0,0
789,74,123,0.023,0,0,122,213.4,5.68653700,45.19801400,0,0,-255,0,-255,0,0,0,0,0,0,0,0
790,74,123,0.023,0,0,122,213.4,5.68653700,45.19801400,0,0,-255,0,-255,0,0,0,0,0,0,0,0
791,75,123,0.023,0,0,120,213.4,5.68653700,45.19801400,0,0,-255,0,-255,0,0,0,0,0,0,0,0
792,75,123,0.023,0,0,124,213.6,5.68653700,45.19801400,0,0,-255,0,-255,0,0,0,0,0,0,0,0
793,75,123,0.023,0,0,128,213.6,5.68653700,45.19801400,0,0,-255,0,-255,0,0,0,0,0,0,0,0
794,76,123,0.023,0,0,136,213.6,5.68653700,45.19801400,0,0,-255,0,-255,0,0,0,0,0,0,0,0
795,76,123,0.023,0,0,134,213.6,5.68653700,45.19801400,0,0,-255,0,-255,0,0,0,0,0,0,0,0
796,76,123,0.023,0,0,135,213.6,5.68653700,45.19801400,0,0,-255,0,-255,0,0,0,0,0,0,0,0
797,77,123,0.023,0,0,129,213.6,5.68653700,45.19801400,0,0,-255,0,-255,0,0,0,0,0,0,0,0
798,77,122,0.023,0,0,128,213.6,5.68653700,45.19801400,0,0,-255,0,-255,0,0,0,0,0,0,0,0
799,76,122,0.023,0,0,116,213.6,5.68653700,45.19801400,0,0,-255,0,-255,0,0,0,0,0,0,0,0
800,77,122,0.023,0,0,114,213.6,5.68653700,45.19801400,0,0,-255,0,-255,0,0,0,0,0,0,0,0
801,75,122,0.023,0,0,106,213.6,5.68653700,45.19801400,0,0,-255,0,-255,0,0,0,0,0,0,0,0
802,74,122,0.023,0,0,106,213.6,5.68653700,45.19801400,0,0,-255,0,-255,0,0,0,0,0,0,0,0
803,74,122,0.023,0,0,108,213.6,5.68653700,45.19801400,0,0,-255,0,-255,0,0,0,0,0,0,0,0
804,74,122,0.023,0,0,104,213.6,5.68653700,45.19801400,0,0,-255,0,-255,0,0,0,0,0,0,0,0
805,72,122,0.023,0,0,104,213.6,5.68653700,45.19801400,0,0,-255,0,-255,0,0,0,0,0,0,0,0
806,72,122,0.023,0,0,106,213.6,5.68653700,45.19801400,0,0,-255,0,-255,0,0,0,0,0,0,0,0
807,72,121,0.023,0,0,112,213.6,5.68653700,45.19801400,0,0,-255,0,-255,0,0,0,0,0,0,0,0
808,72,121,0.023,0,0,117,213.6,5.68653700,45.19801400,0,0,-255,0,-255,0,0,0,0,0,0,0,0
809,72,120,0.023,0,0,121,213.6,5.68653700,45.19801400,0,0,-255,0,-255,0,0,0,0,0,0,0,0
810,72,120,0.023,0,0,125,213.6,5.68653700,45.19801400,0,0,-255,0,-255,0,0,0,0,0,0,0,0
811,72,120,0.023,0,0,122,213.6,5.68653700,45.19801400,0,0,-255,0,-255,0,0,0,0,0,0,0,0
812,72,119,0.023,0,0,128,213.6,5.68653700,45.19801400,0,0,-255,0,-255,0,0,0,0,0,0,0,0
813,72,119,0.023,0,0,124,213.6,5.68653700,45.19801400,0,0,-255,0,-255,0,0,0,0,0,0,0,0
814,72,119,0.023,0,0,123,213.6,5.68653700,45.19801400,0,0,-255,0,-255,0,0,0,0,0,0,0,0
815,72,119,0.023,0,0,130,213.6,5.68653700,45.19801400,0,0,-255,0,-255,0,0,0,0,0,0,0,0
816,73,118,0.023,0,0,127,213.6,5.68653700,45.19801400,0,0,-255,0,-255,0,0,0,0,0,0,0,0
817,73,118,0.023,0,0,133,213.6,5.68653700,45.19801400,0,0,-255,0,-255,0,0,0,0,0,0,0,0
818,73,118,0.023,0,0,125,213.6,5.68653700,45.19801400,0,0,-255,0,-255,0,0,0,0,0,0,0,0
819,72,118,0.023,0,0,118,213.6,5.68653700,45.19801400,0,0,-255,0,-255,0,0,0,0,0,0,0,0
820,72,118,0.023,0,0,113,213.6,5.68653700,45.19801400,0,0,-255,0,-255,0,0,0,0,0,0,0,0
821,71,119,0.023,0,0,105,213.6,5.68653700,45.19801400,0,0,-255,0,-255,0,0,0,0,0,0,0,0
822,70,120,0.023,0,0,113,213.6,5.68653700,45.19801400,0,0,-255,0,-255,0,0,0,0,0,0,0,0
823,70,120,0.023,0,0,113,213.6,5.68653700,45.19801400,0,0,-255,0,-255,0,0,0,0,0,0,0,0
824,70,120,0.023,0,0,115,213.6,5.68653700,45.19801400,0,0,-255,0,-255,0,0,0,0,0,0,0,0
825,69,119,0.023,0,0,117,213.6,5.68653700,45.19801400,0,0,-255,0,-255,0,0,0,0,0,0,0,0
826,69,119,0.023,0,0,111,213.6,5.68653700,45.19801400,0,0,-255,0,-255,0,0,0,0,0,0,0,0
827,68,119,0.023,0,0,109,213.6,5.68653700,45.19801400,0,0,-255,0,-255,0,0,0,0,0,0,0,0
828,68,118,0.023,0,0,115,213.6,5.68653700,45.19801400,0,0,-255,0,-255,0,0,0,0,0,0,0,0
829,69,118,0.023,0,0,118,213.6,5.68653700,45.19801400,0,0,-255,0,-255,0,0,0,0,0,0,0,0
830,69,118,0.023,0,0,122,213.6,5.68653700,45.19801400,0,0,-255,0,-255,0,0,0,0,0,0,0,0
831,70,117,0.023,0,0,124,213.6,5.68653700,45.19801400,0,0,-255,0,-255,0,0,0,0,0,0,0,0
832,70,117,0.023,0,0,118,213.6,5.68653700,45.19801400,0,0,-255,0,-255,0,0,0,0,0,0,0,0
833,69,117,0.023,0,0,114,213.6,5.68653700,45.19801400,0,0,-255,0,-255,0,0,0,0,0,0,0,0
834,69,117,0.023,0,0,115,213.6,5.68653700,45.19801400,0,0,-255,0,-255,0,0,0,0,0,0,0,0
835,69,117,0.023,0,0,112,213.6,5.68653700,45.19801400,0,0,-255,0,-255,0,0,0,0,0,0,0,0
836,68,117,0.023,0,0,108,213.6,5.68653700,45.19801400,0,0,-255,0,-255,0,0,0,0,0,0,0,0
837,67,117,0.023,0,0,107,213.6,5.68653700,45.19801400,0,0,-255,0,-255,0,0,0,0,0,0,0,0
838,67,117,0.023,0,0,108,213.6,5.68653700,45.19801400,0,0,-255,0,-255,0,0,0,0,0,0,0,0
839,66,117,0.023,0,0,111,213.6,5.68653700,45.19801400,0,0,-255,0,-255,0,0,0,0,0,0,0,0
840,66,117,0.023,0,0,111,213.6,5.68653700,45.19801400,0,0,-255,0,-255,0,0,0,0,0,0,0,0
841,65,117,0.023,0,0,108,213.6,5.68653700,45.19801400,0,0,-255,0,-255,0,0,0,0,0,0,0,0
842,65,117,0.023,0,0,109,213.4,5.68653700,45.19801400,0,0,-255,0,-255,0,0,0,0,0,0,0,0
843,65,117,0.023,0,0,117,213.4,5.68653700,45.19801400,0,0,-255,0,-255,0,0,0,0,0,0,0,0
844,65,116,0.023,0,0,122,213.4,5.68653700,45.19801400,0,0,-255,0,-255,0,0,0,0,0,0,0,0
845,64,116,0.023,0,0,120,213.4,5.68653700,45.19801400,0,0,-255,0,-255,0,0,0,0,0,0,0,0
846,64,115,0.023,0,0,118,213.4,5.68653700,45.19801400,0,0,-255,0,-255,0,0,0,0,0,0,0,0
847,65,115,0.023,0,0,117,213.4,5.68653700,45.19801400,0,0,-255,0,-255,0,0,0,0,0,0,0,0
848,65,115,0.023,0,0,123,213.4,5.68653700,45.19801400,0,0,-255,0,-255,0,0,0,0,0,0,0,0
849,64,115,0.023,0,0,121,213.4,5.68653700,45.19801400,0,0,-255,0,-255,0,0,0,0,0,0,0,0
850,63,115,0.023,0,0,109,213.2,5.68653700,45.19801400,0,0,-255,0,-255,0,0,0,0,0,0,0,0
851,61,116,0.023,0,0,99,213.2,5.68653700,45.19801400,0,0,-255,0,-255,0,0,0,0,0,0,0,0
852,60,116,0.023,0,0,89,213.2,5.68653700,45.19801400,0,0,-255,0,-255,0,0,0,0,0,0,0,0
853,58,116,0.023,0,0,88,213.2,5.68653700,45.19801400,0,0,-255,0,-255,0,0,0,0,0,0,0,0
854,56,116,0.023,0,0,91,213.2,5.68653700,45.19801400,0,0,-255,0,-255,0,0,0,0,0,0,0,0
855,56,116,0.023,0,0,93,213.2,5.68653700,45.19801400,0,0,-255,0,-255,0,0,0,0,0,0,0,0
856,56,116,0.023,0,0,101,213.2,5.68653700,45.19801400,0,0,-255,0,-255,0,0,0,0,0,0,0,0
857,55,116,0.023,0,0,109,213.2,5.68653700,45.19801400,0,0,-255,0,-255,0,0,0,0,0,0,0,0
858,55,116,0.023,0,0,117,213,5.68653700,45.19801400,0,0,-255,0,-255,0,0,0,0,0,0,0,0
859,53,116,0.023,0,0,115,213,5.68653700,45.19801400,0,0,-255,0,-255,0,0,0,0,0,0,0,0
860,53,116,0.023,0,0,106,213,5.68653700,45.19801400,0,0,-255,0,-255,0,0,0,0,0,0,0,0
861,51,117,0.023,0,0,96,213,5.68653700,45.19801400,0,0,-255,0,-255,0,0,0,0,0,0,0,0
862,50,117,0.023,0,0,97,213,5.68653700,45.19801400,0,0,-255,0,-255,0,0,0,0,0,0,0,0
863,50,117,0.023,0,0,100,213,5.68653700,45.19801400,0,0,-255,0,-255,0,0,0,0,0,0,0,0
864,49,117,0.023,0,0,106,213.2,5.68653700,45.19801400,0,0,-255,0,-255,0,0,0,0,0,0,0,0
865,48,117,0.023,0,0,107,213.2,5.68653700,45.19801400,0,0,-255,0,-255,0,0,0,0,0,0,0,0
866,46,117,0.023,0,0,96,213.2,5.68653700,45.19801400,0,0,-255,0,-255,0,0,0,0,0,0,0,0
867,43,117,0.023,0,0,92,213.2,5.68653700,45.19801400,0,0,-255,0,-255,0,0,0,0,0,0,0,0
868,43,117,0.023,0,0,93,213.4,5.68653700,45.19801400,0,0,-255,0,-255,0,0,0,0,0,0,0,0
869,39,116,0.023,0,0,59,213.4,5.68653700,45.19801400,0,0,-255,0,-255,0,0,0,0,0,0,0,0
870,39,116,0.023,0,0,63,213.4,5.68653000,45.19802500,0,0,-255,0,-255,0,0,0,0,0,0,0,0
871,32,116,0.025,1.44,0,55,213.4,5.68652400,45.19803300,0,0,-255,0,-255,0,0,0,0,0,0,0,0
872,32,115,0.027,2.88,0,3,213.6,5.68652400,45.19803300,0,1,-255,0,-255,0,0,0,0,0,0,0,0
873,32,116,0.027,2.88,0,0,213.6,5.68652400,45.19803300,0,2,-255,0,-255,0,0,0,0,0,0,0,0
874,32,115,0.027,2.88,0,0,213.6,5.68652400,45.19803300,0,3,-255,0,-255,0,0,0,0,0,0,0,0
875,32,115,0.027,2.88,0,0,213.6,5.68652400,45.19803300,0,4,-255,0,-255,0,0,0,0,0,0,0,0
876,0,115,0.027,1.44,0,0,213.6,5.68652400,45.19803300,0,5,-255,0,-255,0,0,0,0,0,0,0,0
877,0,115,0.027,0,0,0,213.6,5.68652400,45.19803300,0,6,-255,0,-255,0,0,0,0,0,0,0,0
878,0,115,0.027,0,0,0,213.6,5.68652400,45.19803300,0,7,-255,0,-255,0,0,0,0,0,0,0,0
879,0,115,0.027,0,0,0,213.6,5.68652400,45.19803300,0,8,-255,0,-255,0,0,0,0,0,0,0,0
880,0,114,0.027,0,0,0,213.6,5.68652400,45.19803300,0,9,-255,0,-255,0,0,0,0,0,0,0,0
881,0,114,0.027,0,0,0,213.6,5.68652400,45.19803300,0,10,-255,0,-255,0,0,0,0,0,0,0,0
882,0,113,0.027,0,0,0,213.6,5.68652400,45.19803300,0,10,-255,0,-255,0,0,0,0,0,0,0,0
883,0,113,0.027,0,0,0,213.6,5.68652400,45.19803300,0,10,-255,0,-255,0,0,0,0,0,0,0,0
884,0,113,0.027,0,0,0,213.6,5.68652400,45.19803300,0,10,-255,0,-255,0,0,0,0,0,0,0,0
885,0,112,0.027,0,0,0,213.6,5.68652400,45.19803300,0,10,-255,0,-255,0,0,0,0,0,0,0,0
886,0,112,0.027,0,0,0,213.6,5.68652400,45.19803300,0,10,-255,0,-255,0,0,0,0,0,0,0,0
887,0,112,0.027,0,0,0,213.6,5.68652400,45.19803300,0,10,-255,0,-255,0,0,0,0,0,0,0,0
888,0,111,0.027,0,0,0,213.6,5.68652400,45.19803300,0,10,-255,0,-255,0,0,0,0,0,0,0,0
889,0,111,0.027,0,0,0,213.6,5.68652400,45.19803300,0,10,-255,0,-255,0,0,0,0,0,0,0,0
890,0,110,0.027,0,0,0,213.6,5.68652400,45.19803300,0,10,-255,0,-255,0,0,0,0,0,0,0,0
891,0,110,0.027,0,0,0,213.6,5.68652400,45.19803300,0,10,-255,0,-255,0,0,0,0,0,0,0,0
892,0,109,0.027,0,0,0,213.6,5.68652400,45.19803300,0,10,-255,0,-255,0,0,0,0,0,0,0,0
893,0,109,0.027,0,0,0,213.6,5.68652400,45.19803300,0,10,-255,0,-255,0,0,0,0,0,0,0,0
894,0,109,0.027,0,0,0,213.6,5.68652400,45.19803300,0,10,-255,0,-255,0,0,0,0,0,0,0,0
895,0,110,0.027,0,0,0,213.6,5.68652400,45.19803300,0,10,-255,0,-255,0,0,0,0,0,0,0,0
896,0,110,0.027,0,0,0,213.6,5.68652400,45.19803300,0,10,-255,0,-255,0,0,0,0,0,0,0,0
897,0,110,0.027,0,0,0,213.6,5.68652400,45.19803300,0,10,-255,0,-255,0,0,0,0,0,0,0,0
898,0,110,0.027,0,0,0,213.6,5.68652400,45.19803300,0,10,-255,0,-255,0,0,0,0,0,0,0,0
899,0,109,0.027,0,0,0,213.6,5.68652400,45.19803300,0,10,-255,0,-255,0,0,0,0,0,0,0,0
900,0,109,0.027,0,0,0,213.6,5.68652400,45.19803300,0,10,-255,0,-255,0,0,0,0,0,0,0,0
901,0,109,0.027,0,0,0,213.6,5.68652400,45.19803300,0,10,-255,0,-255,0,0,0,0,0,0,0,0
902,0,110,0.027,0,0,0,213.6,5.68652400,45.19803300,0,10,-255,0,-255,0,0,0,0,0,0,0,0
903,0,110,0.027,0,0,0,213.6,5.68652400,45.19803300,0,10,-255,0,-255,0,0,0,0,0,0,0,0
904,0,109,0.027,0,0,0,213.6,5.68652400,45.19803300,0,10,-255,0,-255,0,0,0,0,0,0,0,0
905,0,107,0.0274,0.288,0,0,213.6,5.68652400,45.19803300,0,9,-255,0,-255,0,0,0,0,0,0,0,0
